session_row_id,Month,month_num,VisitorType,TrafficType,Weekend,ProductRelated,ProductRelated_Duration,product_duration_min,BounceRates,ExitRates,PageValues,SpecialDay,session_segment
29,Feb,2,Returning_Visitor,1,False,45,1582.75,26.379166666666666,0.043478261,0.050821256,54.17976426,0.4,High_Potential
35,Feb,2,Returning_Visitor,1,False,52,2086.242857,34.770714283333334,0.015384615,0.020352564,0.0,0.0,High_Potential
40,Feb,2,Returning_Visitor,4,False,46,4084.393939,68.07323231666666,0.0,0.001794872,0.0,0.0,High_Potential
62,Feb,2,Returning_Visitor,2,False,42,1553.583333,25.89305555,0.009,0.019666667,38.30849268,0.0,High_Potential
66,Feb,2,Returning_Visitor,3,False,90,6951.972222,115.8662037,0.002150538,0.015013034,0.0,0.0,High_Potential
100,Feb,2,Returning_Visitor,2,False,38,2635.177778,43.91962963333334,0.0,0.008947368,0.0,0.4,High_Potential
109,Feb,2,Returning_Visitor,3,False,128,5062.213753,84.37022921666667,0.000854701,0.01791847,0.0,0.0,High_Potential
128,Feb,2,Returning_Visitor,3,False,51,1873.216667,31.220277783333334,0.0,0.00754717,0.0,0.6,High_Potential
186,Mar,3,Returning_Visitor,2,False,50,836.8,13.946666666666665,0.0,0.006339869,0.0,0.0,High_Potential
187,Mar,3,Returning_Visitor,2,True,96,3283.166739,54.71944565,0.001960784,0.013509414,0.0,0.0,High_Potential
189,Mar,3,Returning_Visitor,1,False,68,3008.124108,50.1354018,0.007142857,0.016727891,46.53017511,0.0,High_Potential
195,Mar,3,Returning_Visitor,3,False,98,3556.61241,59.2768735,0.002061856,0.010173465,0.0,0.0,High_Potential
230,Mar,3,Returning_Visitor,9,True,50,1245.3,20.755,0.004,0.020666667,7.146260888,0.0,High_Potential
233,Mar,3,Returning_Visitor,2,True,50,1434.255128,23.904252133333333,0.0,0.019230769,22.03276923,0.0,High_Potential
240,Mar,3,Returning_Visitor,2,False,51,1124.693074,18.744884566666666,0.022807018,0.036550087,0.0,0.0,High_Potential
249,Mar,3,Returning_Visitor,1,True,71,2753.378571,45.88964285,0.012676056,0.015201207,0.0,0.0,High_Potential
250,Mar,3,Returning_Visitor,3,True,46,2452.582143,40.87636905,0.007246377,0.022253906,0.0,0.0,High_Potential
258,Mar,3,Returning_Visitor,1,False,45,844.25,14.070833333333333,0.0,0.01037037,0.0,0.0,High_Potential
273,Mar,3,Returning_Visitor,3,False,42,601.7666667,10.029444445,0.0,0.004545455,0.0,0.0,High_Potential
288,Mar,3,Returning_Visitor,1,False,87,3037.499952,50.624999200000005,0.002150538,0.007722385,0.0,0.0,High_Potential
290,Mar,3,Returning_Visitor,3,False,51,1059.253472,17.654224533333334,0.010588235,0.022643039,0.0,0.0,High_Potential
292,Mar,3,Returning_Visitor,1,False,40,905.4856061,15.091426768333333,0.0135,0.03747619,0.0,0.0,High_Potential
315,Mar,3,Returning_Visitor,2,False,54,2631.1,43.85166666666667,0.0,0.00969697,0.0,0.0,High_Potential
319,Mar,3,Returning_Visitor,1,False,46,1380.166667,23.002777783333332,0.0,0.01037037,0.0,0.0,High_Potential
324,Mar,3,Returning_Visitor,1,False,68,2524.719048,42.0786508,0.0,0.000175593,0.0,0.0,High_Potential
331,Mar,3,New_Visitor,2,False,55,1042.242857,17.37071428333333,0.0,0.002222222,0.0,0.0,High_Potential
333,Mar,3,Returning_Visitor,1,False,64,1588.944444,26.4824074,0.003076923,0.009213675,0.0,0.0,High_Potential
334,Mar,3,Returning_Visitor,1,False,75,4105.666667,68.42777778333334,0.002631579,0.017324561,0.0,0.0,High_Potential
337,Mar,3,Returning_Visitor,2,False,49,1384.016667,23.06694445,0.0,0.011904762,0.0,0.0,High_Potential
347,Mar,3,Returning_Visitor,3,False,39,1513.566667,25.22611111666667,0.005128205,0.021367521,0.0,0.0,High_Potential
353,Mar,3,Returning_Visitor,2,False,55,1743.066667,29.051111116666668,0.0,0.004371585,0.0,0.0,High_Potential
358,Mar,3,Returning_Visitor,2,False,46,2749.666667,45.82777778333333,0.0,0.005555556,0.0,0.0,High_Potential
363,Mar,3,Returning_Visitor,3,False,46,2450.688095,40.844801583333336,0.027083333,0.047905093,0.0,0.0,High_Potential
367,Mar,3,Returning_Visitor,2,False,111,3510.879903,58.51466505,9.83e-05,0.009438427,12.01656549,0.0,High_Potential
373,Mar,3,Returning_Visitor,2,False,81,2820.952419,47.01587365,0.008897485,0.029431012,0.0,0.0,High_Potential
384,Mar,3,Returning_Visitor,2,False,61,2258.430586,37.64050976666667,0.01,0.020655014,2.810812468,0.0,High_Potential
395,Mar,3,Returning_Visitor,2,False,44,1406.1,23.435,0.004081633,0.006501458,0.0,0.0,High_Potential
397,Mar,3,Returning_Visitor,2,False,88,1759.275703,29.321261716666665,0.004545455,0.020644542,0.0,0.0,High_Potential
403,Mar,3,Returning_Visitor,1,False,46,909.522619,15.158710316666665,0.004255319,0.020449173,0.0,0.0,High_Potential
405,Mar,3,Returning_Visitor,1,False,40,962.3333333,16.038888888333336,0.0,0.01625,0.0,0.0,High_Potential
420,Mar,3,Returning_Visitor,1,True,55,872.4,14.54,0.003508772,0.01754386,0.0,0.0,High_Potential
422,Mar,3,Returning_Visitor,2,False,38,1372.0,22.866666666666667,0.005405405,0.018918919,0.0,0.0,High_Potential
431,Mar,3,Returning_Visitor,1,True,41,1546.5,25.775,0.0,0.008333333,0.0,0.0,High_Potential
448,Mar,3,Returning_Visitor,3,False,47,1882.113409,31.36855681666667,0.004,0.019314286,17.527656,0.0,High_Potential
476,Mar,3,New_Visitor,2,True,45,2502.966667,41.71611111666667,0.0,0.008510638,9.702113281,0.0,High_Potential
477,Mar,3,Returning_Visitor,1,False,47,3608.9,60.14833333333333,0.0,0.019871795,7.256219133,0.0,High_Potential
480,Mar,3,Returning_Visitor,3,False,39,2487.5,41.458333333333336,0.017105263,0.047105263,0.0,0.0,High_Potential
502,Mar,3,Returning_Visitor,2,False,79,2096.911364,34.948522733333334,0.003333333,0.014008551,25.96702005,0.0,High_Potential
508,Mar,3,Returning_Visitor,3,False,43,1131.808333,18.863472216666665,0.028787879,0.047348485,0.0,0.0,High_Potential
531,Mar,3,Returning_Visitor,3,False,40,624.75,10.4125,0.0,0.014634146,0.0,0.0,High_Potential
552,Mar,3,Returning_Visitor,1,False,61,2202.579167,36.70965278333333,0.005797101,0.017153855,0.0,0.0,High_Potential
556,Mar,3,New_Visitor,8,False,46,627.3083333,10.455138888333332,0.0,0.004166667,0.0,0.0,High_Potential
559,Mar,3,Returning_Visitor,3,False,44,441.7916667,7.363194445,0.004545455,0.018181818,0.0,0.0,High_Potential
564,Mar,3,Returning_Visitor,1,False,80,801.802381,13.363373016666666,0.0,0.0035,0.0,0.0,High_Potential
565,Mar,3,Returning_Visitor,3,True,40,1361.166667,22.686111116666666,0.005,0.0225,0.0,0.0,High_Potential
575,Mar,3,Returning_Visitor,1,True,96,4233.4807,70.55801166666667,0.006635802,0.027174712,3.541145833,0.0,High_Potential
600,Mar,3,Returning_Visitor,3,True,62,1470.853037,24.514217283333334,0.0,0.009683372,0.0,0.0,High_Potential
611,Mar,3,Returning_Visitor,2,False,173,6255.017866,104.25029776666666,0.002531328,0.010737154,0.0,0.0,High_Potential
613,Mar,3,Returning_Visitor,2,False,39,1936.55,32.27583333333333,0.004761905,0.023809524,5.51397619,0.0,High_Potential
619,Mar,3,Returning_Visitor,2,False,88,5958.071931,99.30119885,0.002105263,0.00954386,0.0,0.0,High_Potential
629,Mar,3,Returning_Visitor,1,False,58,3200.366667,53.339444449999995,0.003448276,0.027586207,0.0,0.0,High_Potential
630,Mar,3,Returning_Visitor,2,False,48,1769.697383,29.49495638333333,0.000606061,0.011616162,16.71534488,0.0,High_Potential
632,Mar,3,Returning_Visitor,1,False,40,1694.75,28.245833333333334,0.020512821,0.031196581,0.0,0.0,High_Potential
649,Mar,3,Returning_Visitor,1,False,81,2241.002381,37.35003968333333,0.002439024,0.007012195,0.0,0.0,High_Potential
653,Mar,3,Returning_Visitor,2,True,54,1357.61783,22.62696383333333,0.0,0.004812274,0.0,0.0,High_Potential
683,Mar,3,Returning_Visitor,1,False,58,1400.438961,23.34064935,0.0,0.005951036,0.0,0.0,High_Potential
689,Mar,3,Returning_Visitor,2,False,46,1814.583333,30.24305555,0.003673469,0.02675737,0.0,0.0,High_Potential
696,Mar,3,Returning_Visitor,2,True,111,2524.501905,42.07503175,0.001694915,0.018834175,6.445051499,0.0,High_Potential
698,Mar,3,Returning_Visitor,1,False,44,1616.425824,26.9404304,0.006944444,0.010974434,0.0,0.0,High_Potential
710,Mar,3,Returning_Visitor,2,False,43,1223.347222,20.389120366666667,0.0,0.004545455,0.0,0.0,High_Potential
717,Mar,3,Returning_Visitor,2,False,38,461.5,7.691666666666666,0.01,0.023666667,0.0,0.0,High_Potential
737,Mar,3,Returning_Visitor,2,False,52,1551.666667,25.861111116666667,0.001818182,0.019393939,7.882377258,0.0,High_Potential
739,Mar,3,Returning_Visitor,9,True,48,3726.333333,62.10555555,0.0,0.004166667,0.0,0.0,High_Potential
740,Mar,3,Returning_Visitor,1,False,59,2816.781781,46.946363016666666,0.003214696,0.014766169,2.346800426,0.0,High_Potential
741,Mar,3,Returning_Visitor,1,True,38,667.1666667,11.119444445,0.0,0.005263158,0.0,0.0,High_Potential
742,Mar,3,Returning_Visitor,13,False,41,1202.904762,20.048412699999997,0.011529933,0.033252033,0.0,0.0,High_Potential
769,Mar,3,Returning_Visitor,2,False,109,6682.677557,111.37795928333334,0.000833333,0.005345441,2.526616865,0.0,High_Potential
770,Mar,3,Returning_Visitor,6,True,51,1671.375,27.85625,0.001098901,0.016433566,0.0,0.0,High_Potential
777,Mar,3,Returning_Visitor,13,True,71,1678.905125,27.981752083333333,0.0,0.016037881,8.600043095,0.0,High_Potential
796,Mar,3,Returning_Visitor,10,False,62,3120.211102,52.00351836666667,0.00056338,0.017396907,7.891171006,0.0,High_Potential
799,Mar,3,New_Visitor,8,False,287,12983.78771,216.39646183333335,0.000668896,0.006998399,1.088158231,0.0,High_Potential
809,Mar,3,New_Visitor,2,False,41,1282.5,21.375,0.0,0.007142857,0.0,0.0,High_Potential
825,Mar,3,Returning_Visitor,1,False,51,5818.916667,96.98194445,0.000980392,0.022984749,0.0,0.0,High_Potential
828,Mar,3,Returning_Visitor,1,True,66,2049.458471,34.15764118333333,0.004489796,0.012765306,29.45815149,0.0,High_Potential
842,Mar,3,Returning_Visitor,2,True,63,1656.316667,27.605277783333335,0.004166667,0.015989583,0.0,0.0,High_Potential
854,Mar,3,New_Visitor,2,False,42,1030.266667,17.17111111666667,0.0,0.008695652,0.0,0.0,High_Potential
866,Mar,3,New_Visitor,3,True,84,2756.215152,45.936919200000006,0.0,0.002462121,0.0,0.0,High_Potential
868,Mar,3,Returning_Visitor,3,False,78,1781.69697,29.6949495,0.003205128,0.015811966,0.0,0.0,High_Potential
877,Mar,3,Returning_Visitor,1,False,41,1284.663492,21.4110582,0.016326531,0.032653061,21.22386735,0.0,High_Potential
882,Mar,3,Returning_Visitor,3,False,40,633.4,10.556666666666667,0.002272727,0.017954545,0.0,0.0,High_Potential
884,Mar,3,Returning_Visitor,2,False,137,3909.36829,65.15613816666666,0.0,0.005055944,9.930187005,0.0,High_Potential
891,Mar,3,Returning_Visitor,1,False,47,1842.95,30.715833333333332,0.0,0.01257764,0.0,0.0,High_Potential
894,Mar,3,Returning_Visitor,2,True,38,1054.944444,17.5824074,0.010869565,0.014565217,8.224168543,0.0,High_Potential
906,Mar,3,Returning_Visitor,2,False,57,2099.930554,34.99884256666667,0.003333333,0.009142857,3.29868,0.0,High_Potential
912,Mar,3,Returning_Visitor,1,False,66,3960.646154,66.01076923333333,0.002941176,0.013663064,0.0,0.0,High_Potential
916,Mar,3,Returning_Visitor,1,False,53,967.210697,16.120178283333335,0.000892857,0.033208874,0.0,0.0,High_Potential
924,Mar,3,Returning_Visitor,2,False,113,3000.666667,50.01111111666667,0.003478261,0.005217391,0.0,0.0,High_Potential
932,Mar,3,New_Visitor,2,False,49,1503.490909,25.058181816666668,0.0,0.003508772,0.0,0.0,High_Potential
944,Mar,3,New_Visitor,1,False,39,881.4416667,14.690694445,0.004166667,0.011458333,20.11751289,0.0,High_Potential
948,Mar,3,Returning_Visitor,3,False,43,2798.07381,46.6345635,0.0,0.010971006,2.915511628,0.0,High_Potential
950,Mar,3,Returning_Visitor,1,False,42,1185.666667,19.761111116666665,0.0,0.004761905,0.0,0.0,High_Potential
952,Mar,3,Returning_Visitor,1,False,89,6770.274267,112.83790445,0.006315789,0.030125313,0.0,0.0,High_Potential
965,Mar,3,Returning_Visitor,1,False,68,3135.517677,52.25862795,0.003361345,0.01146836,4.095288919,0.0,High_Potential
966,Mar,3,Returning_Visitor,1,False,55,1127.288305,18.788138416666666,0.003125,0.014499164,0.0,0.0,High_Potential
995,Mar,3,Returning_Visitor,3,False,39,1152.5,19.208333333333332,0.011965812,0.017802198,0.0,0.0,High_Potential
996,Mar,3,Returning_Visitor,1,False,61,2292.679762,38.21132936666667,0.0,0.009552239,0.0,0.0,High_Potential
1025,Mar,3,Returning_Visitor,10,False,67,2502.816667,41.71361111666667,0.006060606,0.011147186,0.0,0.0,High_Potential
1026,Mar,3,Returning_Visitor,3,False,83,1778.125214,29.63542023333333,0.007967033,0.019990486,6.626647741,0.0,High_Potential
1036,Mar,3,Returning_Visitor,2,False,66,4566.952839,76.11588065,0.006470588,0.018141923,0.0,0.0,High_Potential
1037,Mar,3,Returning_Visitor,13,True,65,8646.0,144.1,0.0,0.011764706,0.0,0.0,High_Potential
1041,Mar,3,Returning_Visitor,3,True,50,1694.797619,28.246626983333332,0.008928571,0.018154762,0.0,0.0,High_Potential
1043,Mar,3,Returning_Visitor,1,False,54,1306.151974,21.769199566666668,0.003508772,0.012962963,0.0,0.0,High_Potential
1051,Mar,3,Returning_Visitor,10,False,60,3135.442572,52.257376199999996,0.001666667,0.009358814,0.0,0.0,High_Potential
1056,Mar,3,Returning_Visitor,2,False,40,952.9666667,15.882777778333333,0.001666667,0.016666667,0.0,0.0,High_Potential
1073,Mar,3,Returning_Visitor,3,False,50,1188.566667,19.80944445,0.007843137,0.018300654,0.0,0.0,High_Potential
1075,Mar,3,Returning_Visitor,1,False,38,1663.683333,27.72805555,0.005405405,0.022972973,0.0,0.0,High_Potential
1076,Mar,3,Returning_Visitor,3,True,39,930.3,15.504999999999999,0.001190476,0.010997732,0.0,0.0,High_Potential
1102,Mar,3,Returning_Visitor,1,True,104,3486.690476,58.111507933333336,0.003301887,0.013104972,0.0,0.0,High_Potential
1105,Mar,3,New_Visitor,2,True,54,1405.131241,23.418854016666668,0.0,0.006127451,37.41814196,0.0,High_Potential
1117,Mar,3,Returning_Visitor,10,False,61,5900.351378,98.33918963333333,0.0,0.007213115,0.0,0.0,High_Potential
1131,Mar,3,Returning_Visitor,2,False,55,1509.594444,25.1599074,0.006451613,0.02016129,14.68324522,0.0,High_Potential
1146,Mar,3,Returning_Visitor,13,False,129,7669.250794,127.82084656666666,0.0,0.009135204,0.0,0.0,High_Potential
1149,Mar,3,Returning_Visitor,1,False,56,2633.869048,43.897817466666666,0.003703704,0.016666667,0.0,0.0,High_Potential
1196,Mar,3,Returning_Visitor,2,False,77,4346.541667,72.44236111666667,0.003070175,0.023099415,0.0,0.0,High_Potential
1200,Mar,3,Returning_Visitor,8,False,68,2593.741667,43.22902778333333,0.002941176,0.012843137,0.0,0.0,High_Potential
1202,Mar,3,Returning_Visitor,2,True,53,1518.761111,25.312685183333333,0.007272727,0.005454545,0.0,0.0,High_Potential
1221,Mar,3,Returning_Visitor,2,True,47,1813.208333,30.220138883333334,0.0,0.002083333,0.0,0.0,High_Potential
1226,Mar,3,Returning_Visitor,2,False,38,996.5166667,16.608611111666665,0.000854701,0.016544567,0.0,0.0,High_Potential
1228,Mar,3,Returning_Visitor,2,False,40,1530.248485,25.504141416666666,0.005128205,0.029795821,0.0,0.0,High_Potential
1229,Mar,3,Returning_Visitor,1,False,43,2595.280952,43.25468253333334,0.009090909,0.025378788,0.0,0.0,High_Potential
1231,Mar,3,Returning_Visitor,2,False,54,923.6757353,15.394595588333335,0.0,0.012261867,5.150663602,0.0,High_Potential
1252,Mar,3,Returning_Visitor,1,False,42,1741.483333,29.024722216666664,0.0,0.002051282,27.12804201,0.0,High_Potential
1253,Mar,3,Returning_Visitor,10,False,46,838.6833333,13.978055555,0.0,0.015416667,0.0,0.0,High_Potential
1324,Mar,3,Returning_Visitor,3,True,71,3424.583333,57.07638888333334,0.001315789,0.015,0.0,0.0,High_Potential
1327,Mar,3,Returning_Visitor,3,True,43,1418.5,23.641666666666666,0.0,0.018181818,0.0,0.0,High_Potential
1347,Mar,3,Returning_Visitor,3,False,41,419.0,6.983333333333333,0.01300813,0.03495935,0.0,0.0,High_Potential
1349,Mar,3,Returning_Visitor,6,False,43,1286.688889,21.444814816666668,0.004545455,0.030266123,4.289292857,0.0,High_Potential
1350,Mar,3,Returning_Visitor,1,False,49,1616.083333,26.934722216666668,0.004,0.016,0.0,0.0,High_Potential
1379,Mar,3,Returning_Visitor,3,True,50,2207.391667,36.789861116666664,0.001724138,0.009972955,15.30003763,0.0,High_Potential
1391,Mar,3,Returning_Visitor,2,False,59,1560.601163,26.010019383333333,0.005172414,0.010673235,0.0,0.0,High_Potential
1392,Mar,3,Returning_Visitor,1,False,65,1451.227362,24.1871227,0.003030303,0.008492896,0.0,0.0,High_Potential
1427,Mar,3,Returning_Visitor,1,True,44,1489.144444,24.819074066666666,0.004081633,0.014693878,0.0,0.0,High_Potential
1459,Mar,3,Returning_Visitor,3,True,43,1650.416667,27.50694445,0.0,0.003875969,0.0,0.0,High_Potential
1471,Mar,3,New_Visitor,2,True,38,1524.702381,25.41170635,0.0,0.006628788,0.0,0.0,High_Potential
1479,Mar,3,Returning_Visitor,1,False,74,2396.690316,39.944838600000004,0.002699055,0.020349845,15.03328131,0.0,High_Potential
1484,Mar,3,Returning_Visitor,3,False,48,3332.293511,55.53822518333333,0.0,0.007847222,11.45469444,0.0,High_Potential
1495,Mar,3,Returning_Visitor,3,True,40,1337.842794,22.2973799,0.008695652,0.022304507,0.0,0.0,High_Potential
1496,Mar,3,Returning_Visitor,2,False,43,1770.625,29.510416666666668,0.004255319,0.015153664,0.0,0.0,High_Potential
1499,Mar,3,Returning_Visitor,1,False,93,4261.842857,71.03071428333332,0.002930403,0.021080839,0.0,0.0,High_Potential
1525,Mar,3,Returning_Visitor,1,False,42,1503.25,25.054166666666667,0.001550388,0.031007752,0.0,0.0,High_Potential
1540,Mar,3,Returning_Visitor,10,False,39,2808.666667,46.811111116666666,0.0,0.01025641,0.0,0.0,High_Potential
1542,Mar,3,Returning_Visitor,1,False,69,2124.726768,35.4121128,0.002898551,0.009090177,0.0,0.0,High_Potential
1543,Mar,3,Returning_Visitor,2,False,38,1272.916667,21.21527778333333,0.004878049,0.020139373,9.401136585,0.0,High_Potential
1546,Mar,3,Returning_Visitor,2,False,43,1607.297619,26.78829365,0.002272727,0.015909091,0.0,0.0,High_Potential
1550,Mar,3,Returning_Visitor,1,False,49,2612.357143,43.53928571666667,0.0,0.00952381,0.0,0.0,High_Potential
1554,Mar,3,Returning_Visitor,3,True,194,6737.271825,112.28786375,0.000123762,0.006138614,0.0,0.0,High_Potential
1556,Mar,3,Returning_Visitor,1,True,140,8961.407671,149.35679451666667,0.00137931,0.012980564,0.0,0.0,High_Potential
1565,Mar,3,Returning_Visitor,2,False,54,1470.966667,24.516111116666664,0.009090909,0.024545455,0.0,0.0,High_Potential
1579,Mar,3,New_Visitor,2,False,64,1229.289286,20.488154766666664,0.0,0.002493853,54.95126905,0.0,High_Potential
1593,Mar,3,Returning_Visitor,1,False,49,789.9583333,13.165972221666667,0.004166667,0.015097222,0.0,0.0,High_Potential
1602,Mar,3,Returning_Visitor,10,False,54,2377.0,39.61666666666667,0.0,0.005090909,0.0,0.0,High_Potential
1611,Mar,3,Returning_Visitor,1,False,59,1660.222222,27.670370366666667,0.0,0.011753515,6.475910157,0.0,High_Potential
1619,Mar,3,Returning_Visitor,1,False,63,2777.616667,46.29361111666666,0.0,0.014086022,0.0,0.0,High_Potential
1629,Mar,3,Returning_Visitor,1,False,39,1750.333333,29.17222221666667,0.0,0.008695652,0.0,0.0,High_Potential
1630,Mar,3,Returning_Visitor,1,False,43,1087.25,18.120833333333334,0.0,0.013636364,0.0,0.0,High_Potential
1644,Mar,3,Returning_Visitor,1,False,62,1003.965152,16.732752533333333,0.009850746,0.039110006,0.0,0.0,High_Potential
1649,Mar,3,Returning_Visitor,1,False,67,1231.136508,20.5189418,0.002985075,0.0110199,0.0,0.0,High_Potential
1656,Mar,3,Returning_Visitor,2,False,44,3113.516667,51.89194445,0.001481481,0.016,0.0,0.0,High_Potential
1663,Mar,3,Returning_Visitor,3,True,62,1136.60303,18.943383833333332,0.0,0.003517665,0.0,0.0,High_Potential
1722,Mar,3,New_Visitor,2,False,54,1509.8,25.163333333333334,0.0,0.006779661,7.272067797,0.0,High_Potential
1728,Mar,3,Returning_Visitor,2,False,40,1209.802992,20.1633832,0.004878049,0.01624838,0.0,0.0,High_Potential
1743,Mar,3,Returning_Visitor,2,False,110,3211.827706,53.53046176666667,0.003571429,0.012916667,0.0,0.0,High_Potential
1744,Mar,3,Returning_Visitor,13,True,59,3036.4,50.60666666666667,0.0,0.021186441,0.0,0.0,High_Potential
1751,Mar,3,Returning_Visitor,2,False,60,2126.461941,35.44103235,0.00808768,0.017066636,0.0,0.0,High_Potential
1752,Mar,3,Returning_Visitor,3,True,44,1112.0,18.533333333333335,0.0,0.006818182,0.0,0.0,High_Potential
1759,Mar,3,Returning_Visitor,2,True,39,609.5,10.158333333333333,0.0,0.005128205,0.0,0.0,High_Potential
1762,Mar,3,Returning_Visitor,2,False,49,1077.007576,17.950126266666665,0.0,0.015030864,0.0,0.0,High_Potential
1770,Mar,3,Returning_Visitor,2,False,48,3644.752381,60.745873016666664,0.0,0.016666667,18.20995652,0.0,High_Potential
1771,Mar,3,New_Visitor,2,False,41,1089.75,18.1625,0.0,0.005853659,0.0,0.0,High_Potential
1773,Mar,3,Returning_Visitor,2,False,84,2566.220887,42.77034811666667,0.0,0.007575758,16.56314545,0.0,High_Potential
1779,Mar,3,Returning_Visitor,3,False,46,1852.75,30.879166666666666,0.0,0.005797101,0.0,0.0,High_Potential
1789,Mar,3,Returning_Visitor,2,True,56,2866.90202,47.78170033333333,0.0,0.010451977,85.7528587,0.0,High_Potential
1793,Mar,3,Returning_Visitor,2,False,132,4056.175369,67.60292281666666,0.005882353,0.019282953,0.0,0.0,High_Potential
1822,Mar,3,New_Visitor,2,False,50,3246.977381,54.116289683333335,0.0,0.003846154,0.0,0.0,High_Potential
1823,Mar,3,Returning_Visitor,3,True,62,1573.233333,26.220555549999997,0.0,0.004594595,0.0,0.0,High_Potential
1825,Mar,3,Returning_Visitor,1,False,115,2625.009524,43.750158733333336,0.0,0.004013317,0.0,0.0,High_Potential
1826,Mar,3,Returning_Visitor,10,False,43,3266.127778,54.43546296666667,0.004242424,0.043712341,3.332333333,0.0,High_Potential
1833,Mar,3,Returning_Visitor,1,False,41,4270.141667,71.16902778333333,0.004444444,0.027160494,0.0,0.0,High_Potential
1845,Mar,3,New_Visitor,2,True,46,1596.672282,26.6112047,0.0,0.008,19.92584938,0.0,High_Potential
1846,Mar,3,Returning_Visitor,1,False,54,9128.283883,152.13806471666666,0.011461988,0.039251601,0.0,0.0,High_Potential
1851,Mar,3,Returning_Visitor,2,False,73,2490.138095,41.50230158333333,0.0,0.010365854,30.09281343,0.0,High_Potential
1855,Mar,3,Returning_Visitor,1,False,328,9694.260714,161.5710119,0.001780415,0.010905045,6.467831696,0.0,High_Potential
1857,Mar,3,Returning_Visitor,9,True,61,2183.5,36.391666666666666,0.0,0.003225806,0.0,0.0,High_Potential
1875,Mar,3,Returning_Visitor,10,False,49,574.8333333,9.580555555,0.0,0.012,0.0,0.0,High_Potential
1878,Mar,3,Returning_Visitor,1,True,40,1589.27381,26.48789683333333,0.0,0.020767196,0.0,0.0,High_Potential
1880,Mar,3,Returning_Visitor,3,False,56,1246.919048,20.78198413333333,0.003333333,0.005367521,0.0,0.0,High_Potential
1892,Mar,3,Returning_Visitor,2,True,53,856.7522398,14.279203996666666,0.0,0.002272727,0.0,0.0,High_Potential
1903,Mar,3,New_Visitor,8,False,48,1266.119048,21.101984133333335,0.0,0.005788982,29.01038502,0.0,High_Potential
1911,Mar,3,Returning_Visitor,1,True,53,1200.892857,20.014880950000002,0.001818182,0.018030303,0.0,0.0,High_Potential
1923,Mar,3,Returning_Visitor,2,False,54,1063.95,17.7325,0.0,0.019047619,54.24886418,0.0,High_Potential
1935,Mar,3,Returning_Visitor,2,True,63,2717.327381,45.288789683333334,0.002857143,0.012857143,0.0,0.0,High_Potential
1936,Mar,3,Returning_Visitor,2,True,79,3380.691558,56.3448593,0.002666667,0.023772222,0.0,0.0,High_Potential
1942,Mar,3,Returning_Visitor,2,False,52,2335.064286,38.917738099999994,0.007142857,0.010563841,0.0,0.0,High_Potential
1944,Mar,3,Returning_Visitor,2,True,53,1299.383333,21.65638888333333,0.0,0.003703704,0.0,0.0,High_Potential
1957,Mar,3,New_Visitor,8,True,71,2816.43881,46.94064683333333,0.0,0.002666667,0.0,0.0,High_Potential
1973,Mar,3,Returning_Visitor,1,True,60,3451.751515,57.52919191666667,0.006666667,0.011565934,0.0,0.0,High_Potential
1986,Mar,3,Returning_Visitor,2,False,46,4053.092208,67.5515368,0.014184397,0.029684228,0.0,0.0,High_Potential
1989,Mar,3,Returning_Visitor,2,False,41,1182.106162,19.701769366666667,0.0,0.018485839,4.465398354,0.0,High_Potential
1995,Mar,3,Returning_Visitor,1,False,93,2243.666667,37.39444445,0.010989011,0.031501832,0.0,0.0,High_Potential
2000,Mar,3,Returning_Visitor,2,True,45,1998.444081,33.30740135,0.009090909,0.01644733,2.842307011,0.0,High_Potential
2011,Mar,3,Returning_Visitor,2,False,76,5186.116667,86.43527778333333,0.004878049,0.024837398,6.548011382,0.0,High_Potential
2014,Mar,3,Returning_Visitor,1,False,47,2102.581502,35.043025033333336,0.004166667,0.010416667,14.63957834,0.0,High_Potential
2016,Mar,3,Returning_Visitor,2,False,41,1490.552778,24.8425463,0.0,0.006589147,0.0,0.0,High_Potential
2032,Mar,3,Returning_Visitor,2,False,96,1524.748377,25.412472949999998,0.0,0.007239057,0.0,0.0,High_Potential
2040,Mar,3,Returning_Visitor,1,False,75,3537.991667,58.966527783333326,0.011714286,0.027362361,5.770959977,0.0,High_Potential
2041,Mar,3,Returning_Visitor,1,False,52,1896.272222,31.604537033333333,0.005310734,0.013192815,3.795661017,0.0,High_Potential
2051,Mar,3,Returning_Visitor,1,False,86,2973.008333,49.55013888333334,0.002222222,0.015740741,0.0,0.0,High_Potential
2063,Mar,3,Returning_Visitor,2,False,42,758.75,12.645833333333334,0.004444444,0.015555556,0.0,0.0,High_Potential
2071,Mar,3,Returning_Visitor,1,False,66,4891.972222,81.53287036666667,0.0,0.002159624,0.0,0.0,High_Potential
2073,Mar,3,Returning_Visitor,2,False,150,4764.429997,79.40716661666667,0.0,0.005636724,33.33074497,0.0,High_Potential
2095,May,5,Returning_Visitor,6,False,77,3332.208333,55.536805550000004,0.002040816,0.024719927,0.0,0.6,High_Potential
2096,May,5,Returning_Visitor,13,False,130,4164.936905,69.41561508333332,0.006153846,0.012319347,0.0,0.0,High_Potential
2103,May,5,Returning_Visitor,2,False,83,6860.632738,114.34387896666667,0.011512297,0.039305682,0.0,0.4,High_Potential
2107,May,5,Returning_Visitor,15,False,151,2564.278157,42.737969283333335,0.00917226,0.0210895,0.0,0.6,High_Potential
2109,May,5,Returning_Visitor,13,False,57,4895.022989,81.58371648333333,0.003333333,0.023321256,0.0,0.0,High_Potential
2111,May,5,Returning_Visitor,2,False,77,1449.683333,24.161388883333334,0.0,0.002631579,0.0,0.0,High_Potential
2115,May,5,Returning_Visitor,2,False,51,1403.841919,23.397365316666665,0.003636364,0.009090909,20.2453697,0.0,High_Potential
2128,May,5,Returning_Visitor,13,False,79,2819.966667,46.999444450000006,0.006097561,0.024390244,0.0,0.0,High_Potential
2133,May,5,Returning_Visitor,4,True,117,13158.66667,219.31111116666668,0.006896552,0.041810345,0.0,0.0,High_Potential
2150,May,5,Returning_Visitor,4,False,46,1103.916667,18.398611116666665,0.0,0.004081633,0.0,0.8,High_Potential
2161,May,5,Returning_Visitor,11,False,45,2487.333333,41.45555555,0.018604651,0.066666667,0.0,0.0,High_Potential
2185,May,5,Returning_Visitor,2,True,51,1742.325216,29.0387536,0.003636364,0.009228841,0.0,0.0,High_Potential
2186,May,5,Returning_Visitor,4,False,40,787.2,13.120000000000001,0.0,0.012121212,2.782886364,0.4,High_Potential
2190,May,5,Returning_Visitor,13,False,124,4093.430519,68.22384198333333,0.005816216,0.043499683,0.0,0.0,High_Potential
2193,May,5,Returning_Visitor,2,False,43,2265.529221,37.75882034999999,0.004,0.004,14.792,0.0,High_Potential
2200,May,5,Returning_Visitor,13,False,71,1294.251207,21.57085345,0.002631579,0.01503053,4.508271053,0.0,High_Potential
2203,May,5,Returning_Visitor,1,False,84,3882.025758,64.70042930000001,0.004909561,0.02088789,10.21229767,0.0,High_Potential
2209,May,5,Returning_Visitor,3,True,51,1927.031548,32.117192466666665,0.003954802,0.014481293,2.846779661,1.0,High_Potential
2212,May,5,Returning_Visitor,2,True,82,706.2996032,11.771660053333333,0.0,0.002439024,0.0,1.0,High_Potential
2214,May,5,Returning_Visitor,4,False,54,2407.322811,40.12204685,0.003448276,0.010418719,0.0,0.0,High_Potential
2223,May,5,Returning_Visitor,3,False,38,314.8333333,5.247222221666666,0.010526316,0.031578947,0.0,0.6,High_Potential
2228,May,5,Returning_Visitor,4,False,50,824.6666667,13.744444445,0.0,0.003921569,0.0,0.0,High_Potential
2234,May,5,Returning_Visitor,3,False,50,2424.75,40.4125,0.0,0.023333333,2.973214286,0.0,High_Potential
2238,May,5,Returning_Visitor,6,False,160,2418.52904,40.30881733333333,0.004878049,0.017369338,0.58275,0.0,High_Potential
2239,May,5,Returning_Visitor,3,False,39,905.6,15.093333333333334,0.012820513,0.021245421,0.0,0.0,High_Potential
2244,May,5,Returning_Visitor,4,False,49,3003.419048,50.05698413333334,0.010526316,0.015711501,4.376915789,0.4,High_Potential
2245,May,5,Returning_Visitor,3,True,43,2053.933333,34.23222221666666,0.012878788,0.039015152,0.0,0.0,High_Potential
2254,May,5,Returning_Visitor,3,False,127,2573.875,42.89791666666667,0.00025641,0.009196581,0.0,0.0,High_Potential
2255,May,5,Returning_Visitor,4,True,64,2121.304304,35.35507173333333,0.003188406,0.018007866,4.873969358,0.0,High_Potential
2256,May,5,Returning_Visitor,4,False,125,4639.410534,77.3235089,0.012433862,0.023856765,0.0,0.6,High_Potential
2260,May,5,Returning_Visitor,4,False,53,2247.608298,37.460138300000004,0.004848485,0.016751935,32.68969091,0.0,High_Potential
2262,May,5,Returning_Visitor,2,True,104,6254.420122,104.24033536666667,0.028065242,0.036927442,3.431210317,0.0,High_Potential
2277,May,5,Returning_Visitor,1,False,73,3022.478571,50.37464285,0.002631579,0.026472431,4.25425,0.0,High_Potential
2284,May,5,Returning_Visitor,4,False,90,1221.853846,20.364230766666665,0.002061856,0.014387171,1.722164948,0.0,High_Potential
2289,May,5,Returning_Visitor,4,False,43,1146.5,19.108333333333334,0.006976744,0.035271318,0.0,0.6,High_Potential
2292,May,5,Returning_Visitor,1,False,46,2295.182143,38.253035716666666,0.004081633,0.014873664,21.02481633,0.2,High_Potential
2296,May,5,Returning_Visitor,6,False,44,1151.116667,19.185277783333333,0.0,0.017829457,7.529302326,0.0,High_Potential
2300,May,5,Returning_Visitor,2,False,42,2172.333333,36.20555555,0.0,0.01124031,35.2339845,0.0,High_Potential
2312,May,5,Returning_Visitor,6,True,47,1813.86461,30.231076833333336,0.007377049,0.019090804,9.417272131,0.0,High_Potential
2318,May,5,Returning_Visitor,4,False,56,1056.15,17.602500000000003,0.026502732,0.055331772,4.163259563,0.2,High_Potential
2338,May,5,Returning_Visitor,3,True,43,1719.416667,28.65694445,0.004347826,0.026231884,4.242688406,0.0,High_Potential
2369,May,5,Returning_Visitor,2,False,45,901.0916667,15.018194445,0.004,0.010111111,0.0,0.0,High_Potential
2371,May,5,Returning_Visitor,4,False,50,1483.366667,24.722777783333335,0.0,0.01047619,19.78135119,0.4,High_Potential
2376,May,5,Returning_Visitor,3,False,44,670.3,11.171666666666665,0.012765957,0.023404255,0.0,0.0,High_Potential
2383,May,5,Returning_Visitor,3,False,40,587.6911765,9.794852941666667,0.005,0.020277778,0.0,0.8,High_Potential
2387,May,5,Returning_Visitor,1,False,65,3864.428571,64.40714285,0.006153846,0.023003663,2.7412,0.0,High_Potential
2388,May,5,Returning_Visitor,2,False,69,2456.297619,40.93829365,0.001408451,0.003553372,0.0,0.0,High_Potential
2389,May,5,Returning_Visitor,1,False,66,2656.183333,44.269722216666665,0.000925926,0.009652076,2.208494444,0.0,High_Potential
2396,May,5,Returning_Visitor,4,False,48,2215.866667,36.93111111666666,0.001041667,0.019583333,0.0,0.0,High_Potential
2397,May,5,Returning_Visitor,4,False,77,5284.765079,88.07941798333333,0.0,0.015,7.668639535,0.0,High_Potential
2399,May,5,Returning_Visitor,1,True,65,1690.790351,28.179839183333335,0.014642857,0.034671498,13.66158824,1.0,High_Potential
2400,May,5,Returning_Visitor,1,False,63,1621.152083,27.019201383333332,0.007692308,0.023447941,0.0,0.0,High_Potential
2406,May,5,Returning_Visitor,3,True,41,1019.293939,16.988232316666668,0.049481481,0.05837037,0.0,1.0,High_Potential
2407,May,5,Returning_Visitor,3,True,53,715.5,11.925,0.022641509,0.036298293,0.0,1.0,High_Potential
2408,May,5,Returning_Visitor,6,False,150,3147.584294,52.45973823333334,0.005547653,0.006061121,0.0,0.6,High_Potential
2411,May,5,Returning_Visitor,2,False,49,2104.3114,35.07185666666667,0.009615385,0.01954189,8.979934615,0.8,High_Potential
2414,May,5,Returning_Visitor,3,False,116,7009.095996,116.8182666,0.0,0.011083789,4.947766276,0.8,High_Potential
2415,May,5,Returning_Visitor,11,True,105,8704.372405,145.07287341666668,0.026260504,0.050212934,2.579064935,0.0,High_Potential
2417,May,5,Returning_Visitor,1,False,42,2058.25,34.30416666666667,0.021138211,0.051219512,0.0,0.2,High_Potential
2421,May,5,Returning_Visitor,1,False,52,1701.857143,28.364285716666664,0.0032,0.01918951,0.0,0.0,High_Potential
2426,May,5,Returning_Visitor,2,False,39,908.3333333,15.138888888333334,0.0,0.0125,33.6501,0.0,High_Potential
2428,May,5,Returning_Visitor,3,False,58,3473.857143,57.89761905,0.005714286,0.016111111,2.568454762,0.0,High_Potential
2457,May,5,Returning_Visitor,1,False,149,4107.119658,68.4519943,0.006369427,0.013305319,0.513385987,0.6,High_Potential
2461,May,5,Returning_Visitor,6,True,92,1688.058761,28.134312683333334,0.004347826,0.016494134,0.0,0.0,High_Potential
2464,May,5,Returning_Visitor,6,True,89,3509.130952,58.48551586666667,0.005617978,0.015248796,42.8662809,0.0,High_Potential
2468,May,5,Returning_Visitor,2,False,48,1681.52381,28.025396833333332,0.0,0.016993464,53.988,0.0,High_Potential
2469,May,5,Returning_Visitor,3,False,61,2635.61627,43.926937833333334,0.0,0.003389831,0.0,0.6,High_Potential
2476,May,5,Returning_Visitor,2,False,77,2660.15,44.33583333333333,0.0,0.008227848,41.92518987,0.0,High_Potential
2484,May,5,Returning_Visitor,4,True,95,2107.583333,35.126388883333334,0.0,0.004166667,0.0,0.0,High_Potential
2486,May,5,Returning_Visitor,13,True,75,2755.336111,45.92226851666667,0.0028125,0.012821256,8.569134167,0.0,High_Potential
2487,May,5,Returning_Visitor,4,False,69,653.2777778,10.887962963333333,0.014705882,0.053431373,0.0,0.6,High_Potential
2503,May,5,Returning_Visitor,4,False,81,2961.483333,49.35805555,0.007058824,0.026666667,0.0,0.0,High_Potential
2505,May,5,Returning_Visitor,4,False,60,3222.75873,53.7126455,0.014367816,0.016601512,0.0,0.6,High_Potential
2512,May,5,Returning_Visitor,3,False,48,869.1,14.485000000000001,0.008510638,0.014967916,3.060765957,0.0,High_Potential
2522,May,5,Returning_Visitor,4,False,71,1563.930952,26.065515866666665,0.006578947,0.017192982,0.0,0.8,High_Potential
2525,May,5,Returning_Visitor,4,False,157,4643.755952,77.39593253333334,0.001687764,0.010776613,7.152750452,0.8,High_Potential
2534,May,5,Returning_Visitor,13,True,38,726.2761905,12.104603175,0.031578947,0.056052632,0.0,1.0,High_Potential
2535,May,5,Returning_Visitor,11,False,66,4415.333333,73.58888888333333,0.009950249,0.02453119,0.0,0.4,High_Potential
2537,May,5,Returning_Visitor,11,False,52,723.315873,12.05526455,0.001212121,0.006277056,4.504381818,0.0,High_Potential
2538,May,5,Returning_Visitor,3,False,49,1088.05,18.134166666666665,0.011320755,0.021069182,0.0,0.0,High_Potential
2541,May,5,Returning_Visitor,2,False,50,998.9545455,16.649242425,0.0076,0.025933333,0.0,0.8,High_Potential
2548,May,5,Returning_Visitor,13,False,38,586.3333333,9.772222221666668,0.010526316,0.037593985,0.0,0.4,High_Potential
2550,May,5,Returning_Visitor,4,False,41,2213.0,36.88333333333333,0.004545455,0.031060606,0.0,0.2,High_Potential
2560,May,5,Returning_Visitor,5,False,154,8038.325302,133.97208836666667,0.007332941,0.027963219,0.0,0.0,High_Potential
2564,May,5,Returning_Visitor,6,False,220,11308.09795,188.46829916666667,0.001699507,0.012414872,0.673127586,0.8,High_Potential
2568,May,5,Returning_Visitor,2,True,129,4115.978571,68.59964285,0.001470588,0.011288515,2.273598775,0.0,High_Potential
2581,May,5,Returning_Visitor,13,False,60,4139.625,68.99375,0.013636364,0.032912458,5.976060606,0.4,High_Potential
2584,May,5,Returning_Visitor,2,False,45,673.4813797,11.224689661666668,0.016326531,0.025194363,15.15205714,0.2,High_Potential
2590,May,5,Returning_Visitor,2,False,187,9487.639162,158.12731936666665,3.35e-05,0.014896228,2.873954681,0.0,High_Potential
2599,May,5,Returning_Visitor,11,True,113,8699.407065,144.99011775,0.019308469,0.047477294,2.613452922,0.0,High_Potential
2606,May,5,Returning_Visitor,2,False,42,2132.683333,35.54472221666666,0.021288515,0.041498896,0.0,0.6,High_Potential
2617,May,5,Returning_Visitor,2,True,52,3258.071212,54.30118686666666,0.0,0.00327381,0.0,0.0,High_Potential
2622,May,5,Returning_Visitor,2,False,43,813.8,13.563333333333333,0.023255814,0.03255814,0.0,0.6,High_Potential
2633,May,5,Returning_Visitor,13,False,154,3395.729484,56.5954914,0.007660455,0.012253894,19.13415285,0.8,High_Potential
2637,May,5,Returning_Visitor,13,False,52,2059.109203,34.31848671666667,0.003747073,0.008451124,7.610431148,0.0,High_Potential
2645,May,5,Returning_Visitor,1,False,112,7968.903361,132.81505601666666,0.003093259,0.036793698,0.0,0.8,High_Potential
2648,May,5,Returning_Visitor,1,False,51,865.6722222,14.427870369999999,0.007407407,0.019191919,0.0,0.0,High_Potential
2649,May,5,Returning_Visitor,1,False,42,1076.977778,17.949629633333334,0.01097561,0.029430894,0.0,0.6,High_Potential
2650,May,5,Returning_Visitor,2,False,60,2818.094444,46.96824073333333,0.016666667,0.018387097,2.050814516,0.0,High_Potential
2658,May,5,New_Visitor,5,False,47,716.625,11.94375,0.0,0.009574468,0.0,0.0,High_Potential
2668,May,5,Returning_Visitor,2,False,50,2871.262932,47.8543822,0.001851852,0.008161036,11.80233651,0.0,High_Potential
2684,May,5,Returning_Visitor,3,False,39,963.1666667,16.052777778333333,0.005405405,0.028828829,9.922972973,0.6,High_Potential
2696,May,5,Returning_Visitor,6,False,58,1806.504167,30.108402783333336,0.013793103,0.026819923,0.0,0.8,High_Potential
2698,May,5,Returning_Visitor,2,False,40,1111.245175,18.520752916666666,0.01475,0.020429089,0.0,0.0,High_Potential
2703,May,5,Returning_Visitor,19,False,51,2697.487879,44.958131316666666,0.004310345,0.017471264,3.099,0.6,High_Potential
2716,May,5,Returning_Visitor,11,False,42,1433.083333,23.884722216666667,0.005,0.02575,0.0,0.4,High_Potential
2724,May,5,Returning_Visitor,4,False,41,895.8333333,14.930555555000002,0.057142857,0.073412698,0.0,0.0,High_Potential
2725,May,5,Returning_Visitor,5,False,86,2559.541228,42.65902046666667,0.008333333,0.008587569,2.087782738,0.0,High_Potential
2731,May,5,Returning_Visitor,14,True,64,1550.211111,25.836851850000002,0.0,0.016086957,7.868950242,0.0,High_Potential
2732,May,5,Returning_Visitor,3,False,43,1738.25,28.970833333333335,0.006349206,0.03537415,0.0,0.0,High_Potential
2740,May,5,Returning_Visitor,2,True,41,492.6833333,8.211388888333333,0.0,0.003571429,0.0,0.0,High_Potential
2744,May,5,Returning_Visitor,4,False,67,4290.833333,71.51388888333332,0.0,0.01840796,0.0,0.8,High_Potential
2750,May,5,New_Visitor,4,False,83,2101.466667,35.024444450000004,0.0,0.001190476,0.0,0.0,High_Potential
2757,May,5,Returning_Visitor,2,False,52,1283.052597,21.384209950000002,0.024747475,0.039201413,12.07468889,0.0,High_Potential
2759,May,5,Returning_Visitor,4,False,46,1535.242063,25.587367716666666,0.021938776,0.031768707,9.001857143,0.4,High_Potential
2776,May,5,Returning_Visitor,20,False,104,2743.819189,45.730319816666665,0.0,0.007753623,7.345321739,0.0,High_Potential
2790,May,5,Returning_Visitor,6,False,44,2479.0,41.31666666666667,0.022727273,0.043560606,0.0,0.0,High_Potential
2792,May,5,Returning_Visitor,1,False,38,1035.935714,17.265595233333332,0.037894737,0.05272284,0.0,0.2,High_Potential
2811,May,5,Returning_Visitor,3,False,39,440.6666667,7.344444445,0.015789474,0.046491228,0.0,0.4,High_Potential
2821,May,5,Returning_Visitor,6,False,115,3382.287999,56.37146665,0.005346832,0.021971597,0.0,0.0,High_Potential
2823,May,5,Returning_Visitor,1,False,53,2409.068434,40.15114056666666,0.001960784,0.018076564,0.0,0.0,High_Potential
2824,May,5,Returning_Visitor,2,False,131,9487.940434,158.13234056666667,0.001726619,0.011632486,0.761076259,0.0,High_Potential
2825,May,5,Returning_Visitor,2,False,159,4668.052051,77.80086751666666,0.005696203,0.016284567,0.0,0.4,High_Potential
2839,May,5,Returning_Visitor,13,False,52,1941.083333,32.351388883333335,0.01754386,0.029824561,0.0,0.0,High_Potential
2844,May,5,Returning_Visitor,5,False,43,1090.060606,18.167676766666666,0.004081633,0.011337868,4.759935374,0.0,High_Potential
2849,May,5,Returning_Visitor,3,False,38,2259.533333,37.65888888333333,0.002105263,0.036549708,0.0,0.2,High_Potential
2855,May,5,Returning_Visitor,19,False,46,1425.75,23.7625,0.008888889,0.029259259,0.0,0.4,High_Potential
2863,May,5,Returning_Visitor,3,False,65,1803.758333,30.06263888333333,0.0046875,0.019404762,5.38296875,0.2,High_Potential
2865,May,5,Returning_Visitor,4,False,68,2241.844444,37.36407406666667,0.010958904,0.023059361,0.0,0.8,High_Potential
2876,May,5,Returning_Visitor,6,True,47,483.3,8.055,0.016326531,0.033469388,5.466387755,1.0,High_Potential
2878,May,5,Returning_Visitor,3,False,94,2129.536752,35.4922792,0.003157895,0.004818713,0.0,0.0,High_Potential
2886,May,5,Returning_Visitor,2,False,115,1822.008117,30.366801950000003,0.001169591,0.007901699,0.0,0.0,High_Potential
2890,May,5,Returning_Visitor,4,False,204,9143.435714,152.39059523333333,0.004807692,0.015384615,0.0,0.4,High_Potential
2891,May,5,New_Visitor,2,False,68,1080.15,18.0025,0.0,0.001715686,0.0,0.8,High_Potential
2893,May,5,Returning_Visitor,2,False,40,1783.25,29.720833333333335,0.008333333,0.026416667,0.0,0.8,High_Potential
2906,May,5,Returning_Visitor,3,False,50,1766.855952,29.4475992,0.002884615,0.013141026,12.83705128,0.8,High_Potential
2921,May,5,Returning_Visitor,13,False,48,4346.916667,72.44861111666667,0.020138889,0.034791667,0.0,0.0,High_Potential
2922,May,5,Returning_Visitor,4,False,45,884.3357143,14.738928571666666,0.001086957,0.014389234,18.12446087,0.0,High_Potential
2923,May,5,Returning_Visitor,6,False,41,1678.733333,27.978888883333333,0.01,0.013333333,0.0,0.0,High_Potential
2929,May,5,Returning_Visitor,1,True,55,4277.0,71.28333333333333,0.003636364,0.021212121,7.291757576,0.0,High_Potential
2934,May,5,Returning_Visitor,2,True,43,2797.816667,46.630277783333334,0.0,0.006666667,0.0,0.0,High_Potential
2939,May,5,Returning_Visitor,1,False,206,9997.728571,166.62880951666665,0.001439737,0.010741385,26.02377063,0.0,High_Potential
2941,May,5,Returning_Visitor,4,True,102,5703.476786,95.05794643333334,0.00173913,0.01470751,0.0,0.0,High_Potential
2949,May,5,Returning_Visitor,3,False,52,1192.317857,19.871964283333334,0.006410256,0.033012821,0.0,0.0,High_Potential
2953,May,5,Returning_Visitor,3,False,53,2309.995238,38.49992063333333,0.047479439,0.06394752,0.0,0.4,High_Potential
2956,May,5,Returning_Visitor,4,False,53,975.9722222,16.266203703333336,0.001851852,0.016296296,75.30864691,0.0,High_Potential
2960,May,5,Returning_Visitor,2,False,43,3382.083333,56.36805555,0.0,0.011627907,0.0,0.0,High_Potential
2964,May,5,Returning_Visitor,6,True,43,1343.097619,22.384960316666664,0.037878788,0.057878788,0.0,0.0,High_Potential
2967,May,5,New_Visitor,4,True,64,817.0163767,13.616939611666668,0.0,0.013814416,2.995465753,0.0,High_Potential
2969,May,5,Returning_Visitor,2,True,313,7428.181584,123.8030264,0.002509267,0.013416263,6.976504629,1.0,High_Potential
2970,May,5,Returning_Visitor,11,True,145,5577.826456,92.96377426666666,0.002688695,0.01187122,2.353444628,1.0,High_Potential
2974,May,5,Returning_Visitor,6,False,60,3121.283333,52.02138888333333,0.002857143,0.010935374,13.71812571,0.4,High_Potential
2984,May,5,Returning_Visitor,3,True,85,1311.072012,21.8512002,0.002657807,0.015013618,0.0,1.0,High_Potential
2987,May,5,Returning_Visitor,4,False,54,1155.033333,19.25055555,0.001282051,0.003974359,0.0,0.0,High_Potential
2988,May,5,Returning_Visitor,3,False,97,1589.183333,26.486388883333333,0.008070175,0.014967419,0.0,0.0,High_Potential
2995,May,5,Returning_Visitor,1,False,61,3374.916667,56.248611116666666,0.001111111,0.021388889,0.0,0.0,High_Potential
2996,May,5,Returning_Visitor,13,False,83,5448.994444,90.81657406666666,0.008888889,0.023535354,0.0,0.0,High_Potential
3003,May,5,Returning_Visitor,6,False,56,2954.759524,49.245992066666666,0.013793103,0.049396552,0.0,0.6,High_Potential
3011,May,5,Returning_Visitor,3,True,81,1141.061905,19.01769841666667,0.001605136,0.004809853,27.89977528,0.0,High_Potential
3019,May,5,Returning_Visitor,4,False,67,1783.122222,29.7187037,0.0,0.005855856,0.0,0.0,High_Potential
3022,May,5,Returning_Visitor,1,False,90,601.7901961,10.029836601666666,0.002222222,0.012763533,0.0,0.8,High_Potential
3031,May,5,Returning_Visitor,3,False,48,1142.666667,19.04444445,0.0,0.00625,0.0,0.0,High_Potential
3035,May,5,New_Visitor,11,False,59,754.2261905,12.570436508333334,0.0,0.003333333,0.0,0.0,High_Potential
3038,May,5,Returning_Visitor,1,False,39,1101.333333,18.355555550000002,0.00952381,0.041269841,14.99642857,0.0,High_Potential
3039,May,5,Returning_Visitor,2,False,81,2477.666667,41.29444445,0.001149425,0.011954023,0.0,0.0,High_Potential
3041,May,5,Returning_Visitor,2,False,85,1736.447368,28.94078946666667,0.003069054,0.039989226,0.0,0.6,High_Potential
3046,May,5,Returning_Visitor,13,False,44,547.0,9.116666666666667,0.06,0.087407407,0.0,0.6,High_Potential
3052,May,5,Returning_Visitor,2,True,62,813.0519481,13.550865801666667,0.003225806,0.011827957,9.311854839,0.0,High_Potential
3054,May,5,Returning_Visitor,2,False,56,2220.871465,37.01452441666667,0.003389831,0.006327684,10.24598305,0.0,High_Potential
3063,May,5,Returning_Visitor,2,True,57,2931.580303,48.85967171666667,0.004,0.021833333,0.0,1.0,High_Potential
3075,May,5,Returning_Visitor,11,False,89,1638.888095,27.314801583333335,0.014367816,0.040659551,0.0,0.8,High_Potential
3079,May,5,Returning_Visitor,3,False,42,352.5,5.875,0.004255319,0.019148936,0.0,0.0,High_Potential
3080,May,5,Returning_Visitor,4,False,41,1444.166667,24.06944445,0.009756098,0.026829268,0.0,0.0,High_Potential
3083,May,5,Returning_Visitor,3,False,48,1085.078571,18.08464285,0.015833333,0.013690476,0.0,0.0,High_Potential
3084,May,5,Returning_Visitor,4,False,58,2665.798039,44.42996731666666,0.007142857,0.027288961,0.0,0.8,High_Potential
3091,May,5,Returning_Visitor,4,True,181,6842.002513,114.03337521666667,0.0,0.007218823,11.29607044,0.0,High_Potential
3092,May,5,Returning_Visitor,3,False,126,2645.833333,44.097222216666665,0.004511278,0.01597088,2.776907268,0.6,High_Potential
3095,May,5,Returning_Visitor,13,False,42,562.6666667,9.377777778333332,0.009340659,0.032583774,0.0,0.0,High_Potential
3098,May,5,Returning_Visitor,1,False,62,3000.250794,50.004179900000004,0.004918033,0.029535519,0.0,0.0,High_Potential
3114,May,5,Returning_Visitor,5,True,79,3393.903571,56.565059516666665,0.017761848,0.04031012,0.0,1.0,High_Potential
3127,May,5,Returning_Visitor,2,True,106,5633.538274,93.89230456666665,0.008878505,0.017232253,0.0,1.0,High_Potential
3139,May,5,Returning_Visitor,4,True,46,953.0686869,15.884478115,0.0,0.014285714,0.0,0.0,High_Potential
3143,May,5,Returning_Visitor,1,False,61,1797.298291,29.954971516666667,0.025147059,0.029877803,0.0,0.0,High_Potential
3146,May,5,Returning_Visitor,2,False,48,805.0992979,13.418321631666666,0.0,0.031196581,8.781144231,0.0,High_Potential
3148,May,5,New_Visitor,2,False,38,1190.616667,19.84361111666667,0.004444444,0.011333333,2.967493333,0.0,High_Potential
3150,May,5,Returning_Visitor,15,True,47,778.7619048,12.97936508,0.042553191,0.051999065,0.0,0.0,High_Potential
3156,May,5,Returning_Visitor,13,False,157,5645.176455,94.08627425,0.002692308,0.013849519,2.917518089,0.8,High_Potential
3162,May,5,New_Visitor,2,False,85,2694.833333,44.913888883333335,0.0,0.001915584,0.0,0.0,High_Potential
3166,May,5,Returning_Visitor,13,True,46,2213.366667,36.88944445,0.034782609,0.054710145,0.0,1.0,High_Potential
3169,May,5,Returning_Visitor,1,False,74,3206.193407,53.43655678333334,0.004819277,0.019399025,10.67331708,0.6,High_Potential
3176,May,5,Returning_Visitor,3,False,86,1699.666667,28.32777778333333,0.013953488,0.026830934,0.0,0.6,High_Potential
3178,May,5,Returning_Visitor,4,False,63,4833.925,80.56541666666666,0.006153846,0.015128205,0.0,0.0,High_Potential
3179,May,5,Returning_Visitor,4,False,109,3731.138116,62.185635266666665,0.004861111,0.015244789,0.0,0.2,High_Potential
3185,May,5,Returning_Visitor,3,False,112,4509.823016,75.16371693333333,0.004166667,0.019960276,0.0,0.0,High_Potential
3191,May,5,Returning_Visitor,2,False,85,2197.195238,36.61992063333333,0.015,0.029405769,13.77355814,0.8,High_Potential
3195,May,5,Returning_Visitor,4,False,80,1190.418903,19.84031505,0.005714286,0.027420635,7.530107143,0.8,High_Potential
3197,May,5,New_Visitor,2,False,58,1978.214286,32.970238099999996,0.0,0.000409836,0.0,0.6,High_Potential
3198,May,5,Returning_Visitor,3,False,79,3129.393438,52.1565573,0.018258179,0.044962458,0.0,0.0,High_Potential
3200,May,5,Returning_Visitor,3,False,111,2748.624538,45.810408966666664,0.005420054,0.006678351,119.6414737,0.0,High_Potential
3203,May,5,Returning_Visitor,4,False,54,2070.643939,34.51073231666667,0.003773585,0.016163522,0.0,0.0,High_Potential
3206,May,5,Returning_Visitor,4,True,49,1592.133333,26.53555555,0.003636364,0.02,3.490036364,0.0,High_Potential
3213,May,5,Returning_Visitor,6,False,79,2650.408502,44.17347503333334,0.000766284,0.005632184,0.0,0.0,High_Potential
3215,May,5,Returning_Visitor,1,False,131,2749.058333,45.81763888333333,0.009090909,0.017682257,8.960896465,0.0,High_Potential
3216,May,5,Returning_Visitor,4,False,75,1959.304762,32.65507936666667,0.005479452,0.027146119,0.0,0.0,High_Potential
3221,May,5,Returning_Visitor,6,True,57,1008.916667,16.815277783333332,0.003508772,0.029239766,5.304,0.0,High_Potential
3228,May,5,Returning_Visitor,2,False,71,3439.733242,57.32888736666666,0.0,0.014808078,0.0,0.0,High_Potential
3236,May,5,Returning_Visitor,4,False,42,3436.066667,57.26777778333334,0.000757576,0.019480519,0.0,0.0,High_Potential
3242,May,5,Returning_Visitor,4,False,39,2643.333333,44.05555555,0.0,0.012820513,0.0,0.4,High_Potential
3244,May,5,Returning_Visitor,3,False,45,2996.4875,49.94145833333334,0.014814815,0.02628108,2.0905,0.0,High_Potential
3246,May,5,Returning_Visitor,6,False,45,2171.174592,36.1862432,0.0,0.017931489,0.0,0.4,High_Potential
3248,May,5,Returning_Visitor,6,False,57,1925.102381,32.085039683333335,0.005,0.0175,23.4154,0.0,High_Potential
3253,May,5,Returning_Visitor,5,True,93,4324.737073,72.07895121666667,0.021112782,0.034077383,0.0,1.0,High_Potential
3254,May,5,Returning_Visitor,4,False,89,2114.083333,35.23472221666667,0.0,0.011685393,0.0,0.2,High_Potential
3263,May,5,Returning_Visitor,6,False,89,5044.75689,84.0792815,0.002528736,0.008376076,0.0,0.8,High_Potential
3266,May,5,Returning_Visitor,3,False,117,1569.866667,26.16444445,0.003418803,0.011870845,49.95438177,0.0,High_Potential
3267,May,5,Returning_Visitor,2,False,43,1368.484848,22.808080800000003,0.015909091,0.053636364,0.0,0.6,High_Potential
3271,May,5,Returning_Visitor,2,False,58,2787.25,46.454166666666666,0.0,0.007715618,98.04262564,0.0,High_Potential
3277,May,5,Returning_Visitor,2,False,82,1164.099635,19.401660583333335,0.010714286,0.01668402,0.0,0.0,High_Potential
3280,May,5,Returning_Visitor,4,False,46,1942.933333,32.38222221666667,0.010119048,0.013333333,0.0,0.0,High_Potential
3287,May,5,Returning_Visitor,6,False,40,1090.566667,18.176111116666668,0.018392857,0.041198413,0.0,0.0,High_Potential
3292,May,5,Returning_Visitor,3,False,42,840.8333333,14.013888888333334,0.0,0.019047619,0.0,0.0,High_Potential
3301,May,5,Returning_Visitor,11,False,57,980.8333333,16.347222221666666,0.007142857,0.044642857,0.0,0.8,High_Potential
3302,May,5,Returning_Visitor,4,False,45,1438.722222,23.9787037,0.004545455,0.027727273,0.0,0.8,High_Potential
3308,May,5,Returning_Visitor,6,True,127,6931.049725,115.51749541666666,0.004347826,0.015855776,2.321101087,1.0,High_Potential
3313,May,5,Returning_Visitor,6,False,101,5459.967105,90.99945174999999,0.038654646,0.064680923,0.0,0.2,High_Potential
3321,May,5,Returning_Visitor,2,True,58,2153.71859,35.895309833333336,0.007526882,0.012156298,3.97647235,0.0,High_Potential
3328,May,5,Returning_Visitor,13,True,52,2826.790048,47.11316746666667,0.007258065,0.030060764,0.0,0.0,High_Potential
3329,May,5,Returning_Visitor,6,False,41,2078.666667,34.64444445,0.008333333,0.028125,0.0,0.0,High_Potential
3334,May,5,Returning_Visitor,4,False,44,2279.222222,37.98703703333333,0.001111111,0.012301587,7.0182,0.0,High_Potential
3348,May,5,Returning_Visitor,13,False,128,3158.561476,52.64269126666667,0.005474453,0.005815392,5.472974626,0.0,High_Potential
3350,May,5,Returning_Visitor,3,False,56,441.2166667,7.353611111666667,0.008474576,0.019322034,0.0,0.2,High_Potential
3359,May,5,Returning_Visitor,6,True,78,2588.077268,43.13462113333333,0.008333333,0.012068881,2.554071429,0.0,High_Potential
3369,May,5,Returning_Visitor,4,False,49,4051.375,67.52291666666666,0.007272727,0.022949495,0.0,0.0,High_Potential
3370,May,5,Returning_Visitor,2,True,68,1725.870671,28.764511183333333,0.0032,0.018348148,16.16701333,0.0,High_Potential
3378,May,5,Returning_Visitor,6,False,57,2773.166667,46.21944445,0.015517241,0.050862069,8.325206897,0.0,High_Potential
3389,May,5,Returning_Visitor,4,False,62,2232.45,37.207499999999996,0.008196721,0.039726776,0.0,0.4,High_Potential
3392,May,5,Returning_Visitor,1,False,50,1845.166667,30.752777783333332,0.011111111,0.022376543,10.09862222,0.0,High_Potential
3405,May,5,Returning_Visitor,2,False,90,5621.599206,93.6933201,0.0,0.013068182,2.099045455,0.0,High_Potential
3407,May,5,Returning_Visitor,2,True,98,2806.829918,46.78049863333333,0.01314475,0.039029125,0.546128304,0.0,High_Potential
3409,May,5,Returning_Visitor,13,False,39,557.2452381,9.287420635,0.028947368,0.052076023,0.0,0.6,High_Potential
3410,May,5,Returning_Visitor,4,False,42,650.0333333,10.833888888333332,0.004347826,0.006521739,0.0,0.0,High_Potential
3412,May,5,Returning_Visitor,4,True,108,2973.125,49.552083333333336,0.005309735,0.020993117,0.201663717,1.0,High_Potential
3413,May,5,Returning_Visitor,3,False,67,3014.290476,50.2381746,0.001917808,0.00781583,4.18760274,0.8,High_Potential
3414,May,5,Returning_Visitor,3,False,54,801.5095238,13.358492063333333,0.00754717,0.013274933,0.0,0.2,High_Potential
3421,May,5,Returning_Visitor,2,False,119,1243.180556,20.719675933333335,0.0,0.007668207,1.809360775,0.0,High_Potential
3422,May,5,Returning_Visitor,2,False,41,2504.699567,41.74499278333334,0.0,0.013075397,6.211094697,0.0,High_Potential
3424,May,5,Returning_Visitor,4,False,63,1903.666667,31.727777783333334,0.008064516,0.019546851,0.0,0.4,High_Potential
3429,May,5,Returning_Visitor,3,False,67,1564.444444,26.074074066666665,0.002631579,0.022549176,1.089771303,0.0,High_Potential
3437,May,5,Returning_Visitor,3,False,44,630.3166667,10.505277778333333,0.025,0.044223485,0.0,0.0,High_Potential
3439,May,5,Returning_Visitor,1,False,122,6141.432139,102.35720231666666,0.013593814,0.030060022,0.0,0.2,High_Potential
3448,May,5,Returning_Visitor,2,False,49,1143.348504,19.0558084,0.0,0.008595388,0.0,0.0,High_Potential
3453,May,5,Returning_Visitor,6,False,88,3827.753571,63.79589285,0.0,0.007269504,0.255191489,0.0,High_Potential
3455,May,5,Returning_Visitor,13,True,91,2058.534091,34.308901516666666,0.021348315,0.038816034,0.0,1.0,High_Potential
3478,May,5,Returning_Visitor,3,False,94,1576.205078,26.270084633333333,0.010752688,0.015506059,0.0,0.6,High_Potential
3480,May,5,Returning_Visitor,13,False,39,537.0,8.95,0.005128205,0.011965812,0.0,0.0,High_Potential
3482,May,5,Returning_Visitor,4,True,44,1470.333333,24.50555555,0.016,0.019207792,7.435866667,0.0,High_Potential
3491,May,5,Returning_Visitor,1,False,56,1080.266667,18.00444445,0.01884058,0.025355418,24.72661836,0.6,High_Potential
3495,May,5,Returning_Visitor,4,False,55,1420.472496,23.6745416,0.001212121,0.005750251,0.0,0.8,High_Potential
3498,May,5,Returning_Visitor,13,False,47,1144.483333,19.074722216666665,0.041843972,0.055319149,0.0,0.0,High_Potential
3503,May,5,Returning_Visitor,6,True,125,4313.139103,71.88565171666667,0.001736111,0.019623016,11.37678683,0.0,High_Potential
3506,May,5,Returning_Visitor,4,True,41,1652.75,27.545833333333334,0.013636364,0.035119048,0.0,0.0,High_Potential
3510,May,5,Returning_Visitor,2,True,76,2208.788095,36.81313491666666,0.0,0.004756098,3.200304878,0.0,High_Potential
3511,May,5,Returning_Visitor,4,False,105,2062.443592,34.37405986666667,0.01220527,0.020275689,0.0,0.6,High_Potential
3517,May,5,Returning_Visitor,4,False,79,3855.2,64.25333333333333,0.012345679,0.028765432,0.0,0.6,High_Potential
3521,May,5,Returning_Visitor,13,False,39,2666.0,44.43333333333333,0.015384615,0.046153846,0.0,0.2,High_Potential
3526,May,5,Returning_Visitor,4,False,100,2463.244841,41.05408068333334,0.001886792,0.014944594,0.0,0.0,High_Potential
3535,May,5,Returning_Visitor,3,False,52,2376.861905,39.61436508333334,0.016666667,0.045679012,13.32592593,0.0,High_Potential
3541,May,5,Returning_Visitor,13,True,78,3098.992857,51.649880950000004,0.007692308,0.022124542,0.0,0.0,High_Potential
3555,May,5,Returning_Visitor,2,True,51,769.9928571,12.833214285,0.0,0.004081633,0.0,0.0,High_Potential
3561,May,5,Returning_Visitor,4,False,291,12065.18135,201.08635583333336,0.00122631,0.008659512,9.013011371,0.0,High_Potential
3575,May,5,Returning_Visitor,6,False,80,1987.533333,33.12555555,0.035,0.06514881,0.0,0.8,High_Potential
3578,May,5,Returning_Visitor,1,False,83,791.9559524,13.199265873333333,0.013636364,0.025536616,0.0,0.6,High_Potential
3580,May,5,Returning_Visitor,11,False,38,2259.2,37.65333333333333,0.022222222,0.037962963,0.0,0.2,High_Potential
3590,May,5,Returning_Visitor,13,False,48,1304.666667,21.74444445,0.016666667,0.051215278,0.0,0.6,High_Potential
3591,May,5,Returning_Visitor,4,False,67,1336.554221,22.275903683333336,0.0,0.027327327,4.148878378,0.0,High_Potential
3600,May,5,Returning_Visitor,2,False,51,5407.788889,90.12981481666667,0.001923077,0.020120574,7.793528571,0.0,High_Potential
3616,May,5,Returning_Visitor,3,False,65,1803.584127,30.05973545,0.023794872,0.031250162,0.0,0.8,High_Potential
3619,May,5,Returning_Visitor,3,False,38,2311.090909,38.51818181666667,0.004651163,0.022868217,4.247372093,0.0,High_Potential
3628,May,5,Returning_Visitor,1,False,71,1145.571429,19.09285715,0.0,0.004054054,80.58733784,0.0,High_Potential
3630,May,5,Returning_Visitor,4,False,53,2797.213095,46.62021825,0.004098361,0.02454223,2.227278689,0.8,High_Potential
3636,May,5,Returning_Visitor,2,True,67,3872.50942,64.54182366666666,0.039495923,0.04474971,2.341419718,0.0,High_Potential
3639,May,5,Returning_Visitor,13,False,57,4115.233333,68.58722221666667,0.003508772,0.018421053,0.0,0.0,High_Potential
3642,May,5,Returning_Visitor,4,True,66,3268.075758,54.4679293,0.005882353,0.029549127,0.0,1.0,High_Potential
3648,May,5,Returning_Visitor,4,False,54,2222.9,37.04833333333333,0.003703704,0.014814815,0.0,0.0,High_Potential
3658,May,5,Returning_Visitor,4,True,72,1353.115146,22.551919100000003,0.002857143,0.007277211,0.0,0.0,High_Potential
3678,May,5,Returning_Visitor,2,False,59,468.1916667,7.803194445,0.0,0.003278689,0.0,0.2,High_Potential
3680,May,5,Returning_Visitor,1,False,60,1993.915257,33.23192095,0.005970149,0.011984127,13.09154641,0.0,High_Potential
3682,May,5,Returning_Visitor,2,True,39,1501.333333,25.022222216666666,0.0,0.009756098,0.0,0.0,High_Potential
3684,May,5,Returning_Visitor,4,False,39,1584.044444,26.400740733333336,0.0,0.016744186,12.73144186,0.0,High_Potential
3689,May,5,Returning_Visitor,3,False,172,4086.144897,68.10241495,0.000555556,0.009603919,1.418440397,0.4,High_Potential
3700,May,5,Returning_Visitor,3,False,60,967.25,16.120833333333334,0.006779661,0.025141243,0.0,0.6,High_Potential
3713,May,5,Returning_Visitor,6,False,46,5492.366667,91.53944445,0.019090909,0.043948052,8.567142857,0.0,High_Potential
3715,May,5,Returning_Visitor,3,False,60,731.3333333,12.188888888333334,0.034920635,0.038095238,0.0,0.0,High_Potential
3716,May,5,Returning_Visitor,4,False,39,1752.942857,29.215714283333334,0.020075188,0.03374269,0.0,0.2,High_Potential
3724,May,5,Returning_Visitor,6,False,66,6100.527778,101.67546296666666,0.010606061,0.046262626,0.0,0.8,High_Potential
3725,May,5,Returning_Visitor,4,False,93,3646.278788,60.77131313333334,0.017204301,0.023117504,0.0,0.0,High_Potential
3731,May,5,Returning_Visitor,4,False,38,1377.409524,22.9568254,0.000877193,0.018859649,0.0,0.0,High_Potential
3740,May,5,Returning_Visitor,1,False,49,579.5833333,9.659722221666668,0.0,0.00625,0.0,0.0,High_Potential
3744,May,5,Returning_Visitor,4,True,105,2900.638469,48.343974483333334,0.009433962,0.021263103,0.0,0.0,High_Potential
3749,May,5,Returning_Visitor,6,False,65,5478.530087,91.30883478333334,0.00952381,0.038958835,8.08875,0.0,High_Potential
3751,May,5,Returning_Visitor,6,False,72,2129.333333,35.48888888333333,0.0,0.01875,0.0,0.8,High_Potential
3752,May,5,Returning_Visitor,13,False,39,1721.872725,28.697878749999997,0.00974026,0.019066142,16.42363253,0.0,High_Potential
3759,May,5,Returning_Visitor,6,True,217,4153.276587,69.22127645,7.09e-05,0.005893497,0.0,0.0,High_Potential
3765,May,5,Returning_Visitor,2,False,187,4987.688889,83.12814815,0.003108808,0.011118588,10.80188719,0.0,High_Potential
3788,May,5,Returning_Visitor,2,False,159,1905.652754,31.760879233333334,0.004113924,0.013428813,14.75911588,0.0,High_Potential
3795,May,5,Returning_Visitor,3,False,38,2246.166667,37.436111116666666,0.016923077,0.013931624,0.0,0.2,High_Potential
3805,May,5,Returning_Visitor,4,False,54,1835.066667,30.58444445,0.003773585,0.011320755,0.0,0.0,High_Potential
3806,May,5,Returning_Visitor,13,False,115,5016.351205,83.60585341666666,0.006837607,0.0220259,0.0,0.4,High_Potential
3807,May,5,Returning_Visitor,1,False,79,5664.146032,94.40243386666666,0.045356473,0.05909564,2.39491796,0.0,High_Potential
3809,May,5,Returning_Visitor,2,False,97,7515.583333,125.25972221666666,0.004166667,0.027083333,0.0,0.8,High_Potential
3811,May,5,Returning_Visitor,3,True,72,1248.242262,20.8040377,0.0,0.002597403,13.36332468,0.0,High_Potential
3812,May,5,Returning_Visitor,7,False,38,1485.566667,24.75944445,0.006818182,0.015649351,27.7134,0.0,High_Potential
3814,May,5,Returning_Visitor,1,False,57,2816.55307,46.94255116666667,0.0,0.005858586,0.0,0.0,High_Potential
3826,May,5,Returning_Visitor,2,False,81,2071.0,34.516666666666666,0.012345679,0.025308642,0.0,0.6,High_Potential
3830,May,5,Returning_Visitor,4,False,56,4377.983333,72.96638888333334,0.004285714,0.022295918,0.0,0.8,High_Potential
3846,May,5,Returning_Visitor,4,False,57,1518.903694,25.315061566666667,0.0,0.022947455,13.40247586,0.0,High_Potential
3849,May,5,Returning_Visitor,1,False,55,2831.561111,47.19268518333333,0.0,0.028576998,8.903557895,0.0,High_Potential
3852,May,5,Returning_Visitor,6,False,57,1575.216667,26.253611116666665,0.006896552,0.030172414,0.0,0.0,High_Potential
3853,May,5,Returning_Visitor,2,True,55,1546.503822,25.775063699999997,0.015577078,0.019159146,9.139760775,0.0,High_Potential
3862,May,5,Returning_Visitor,3,False,141,2886.523521,48.10872535,0.004316547,0.018798094,0.0,0.8,High_Potential
3863,May,5,Returning_Visitor,4,False,88,2663.82381,44.397063499999994,0.008163265,0.025918367,5.479532313,0.6,High_Potential
3868,May,5,Returning_Visitor,1,False,50,1735.595238,28.9265873,0.0,0.008746356,0.0,0.2,High_Potential
3871,May,5,Returning_Visitor,3,False,56,2094.983333,34.91638888333333,0.032738095,0.063214286,0.0,0.8,High_Potential
3874,May,5,Returning_Visitor,6,True,85,3731.079365,62.18465608333334,0.014942529,0.039042146,0.0,1.0,High_Potential
3875,May,5,Returning_Visitor,3,False,49,1042.416667,17.373611116666666,0.012,0.025444444,0.0,0.6,High_Potential
3880,May,5,Returning_Visitor,4,True,65,2091.662821,34.86104701666667,0.012206573,0.030146368,6.147633803,0.0,High_Potential
3881,May,5,Returning_Visitor,2,False,80,3279.407576,54.656792933333335,0.01875,0.041944444,0.0,0.4,High_Potential
3882,May,5,Returning_Visitor,13,False,41,896.0666667,14.934444445,0.0,0.013043478,4.430347826,0.2,High_Potential
3884,May,5,Returning_Visitor,2,True,59,1609.313889,26.82189815,0.010447761,0.030795428,12.44030746,0.0,High_Potential
3889,May,5,Returning_Visitor,13,False,73,3085.007143,51.416785716666666,0.008333333,0.02475118,2.323162162,0.2,High_Potential
3892,May,5,Returning_Visitor,1,False,43,1425.183333,23.75305555,0.004651163,0.006976744,0.0,0.8,High_Potential
3894,May,5,Returning_Visitor,13,False,68,746.8,12.446666666666665,0.002941176,0.011470588,0.0,0.0,High_Potential
3897,May,5,Returning_Visitor,3,False,133,3068.922487,51.14870811666666,0.004890511,0.0122463,1.786819082,0.0,High_Potential
3904,May,5,Returning_Visitor,6,False,41,3272.0,54.53333333333333,0.045238095,0.078571429,0.0,0.8,High_Potential
3912,May,5,Returning_Visitor,1,True,156,5432.836783,90.54727971666667,0.010009921,0.029074729,2.992267778,1.0,High_Potential
3915,May,5,Returning_Visitor,6,False,53,1556.6,25.94333333333333,0.0,0.026415094,0.0,0.4,High_Potential
3922,May,5,Returning_Visitor,6,False,84,1212.030303,20.20050505,0.005102041,0.021451247,0.0,0.0,High_Potential
3923,May,5,Returning_Visitor,2,True,49,783.45,13.057500000000001,0.0,0.007692308,4.272807692,0.0,High_Potential
3924,May,5,Returning_Visitor,4,False,59,2574.725974,42.91209956666667,0.003508772,0.016621682,2.790473684,0.0,High_Potential
3929,May,5,Returning_Visitor,2,True,68,2277.377056,37.956284266666664,0.009758454,0.029851908,12.76243133,1.0,High_Potential
3930,May,5,Returning_Visitor,3,False,51,3981.892484,66.36487473333334,0.003389831,0.015404896,0.0,0.4,High_Potential
3935,May,5,Returning_Visitor,6,False,108,1479.083333,24.651388883333333,0.001785714,0.007142857,0.0,0.8,High_Potential
3936,May,5,Returning_Visitor,4,False,61,5233.590476,87.22650793333334,0.009090909,0.035239899,0.0,0.0,High_Potential
3937,May,5,Returning_Visitor,6,False,106,3156.501914,52.60836523333333,0.000628931,0.009577934,0.0,0.0,High_Potential
3961,May,5,Returning_Visitor,6,True,104,4877.257071,81.28761785,0.003921569,0.020140056,0.0,0.0,High_Potential
3987,May,5,Returning_Visitor,13,False,79,1562.866667,26.047777783333334,0.017721519,0.02124774,0.0,0.8,High_Potential
3990,May,5,Returning_Visitor,4,False,66,1706.712281,28.445204683333333,0.0,0.00957265,0.0,0.0,High_Potential
3993,May,5,Returning_Visitor,2,False,47,1230.368182,20.506136366666667,0.004347826,0.020724638,0.0,0.0,High_Potential
3998,May,5,Returning_Visitor,4,False,53,2130.025,35.500416666666666,0.0,0.010061728,0.0,0.0,High_Potential
4000,May,5,Returning_Visitor,4,False,136,4569.904365,76.16507275000001,0.0,0.00891253,0.0,0.8,High_Potential
4007,May,5,Returning_Visitor,3,False,41,506.7166667,8.445277778333333,0.004444444,0.013968254,10.48533333,0.0,High_Potential
4014,May,5,Returning_Visitor,3,True,51,1620.183333,27.00305555,0.004313725,0.02129085,0.0,1.0,High_Potential
4016,May,5,Returning_Visitor,1,False,41,963.0,16.05,0.0,0.015811966,0.0,0.0,High_Potential
4023,May,5,Returning_Visitor,2,True,55,2598.991667,43.31652778333333,0.003278689,0.008196721,48.72995628,0.0,High_Potential
4027,May,5,Returning_Visitor,2,False,67,6483.775,108.06291666666667,0.00375,0.01725,24.27165,0.0,High_Potential
4030,May,5,Returning_Visitor,13,False,93,3646.966667,60.78277778333334,0.005154639,0.022696032,4.629470103,0.0,High_Potential
4032,May,5,Returning_Visitor,4,True,50,1115.459524,18.59099206666667,0.007843137,0.015686275,0.0,0.0,High_Potential
4038,May,5,Returning_Visitor,6,True,52,1624.223485,27.070391416666666,0.007692308,0.032692308,0.0,1.0,High_Potential
4045,May,5,Returning_Visitor,1,False,38,1608.5,26.808333333333334,0.005263158,0.034210526,0.0,0.6,High_Potential
4052,May,5,Returning_Visitor,4,False,54,1603.333333,26.72222221666667,0.005084746,0.025423729,0.0,0.4,High_Potential
4056,May,5,Returning_Visitor,1,False,87,2531.060479,42.18434131666667,0.006896552,0.017705157,0.860484729,0.0,High_Potential
4060,May,5,Returning_Visitor,3,False,85,2299.391667,38.323194449999995,0.003065134,0.013546798,0.0,0.0,High_Potential
4061,May,5,Returning_Visitor,13,False,80,5426.022078,90.4337013,0.01287478,0.033915963,0.0,0.0,High_Potential
4062,May,5,Returning_Visitor,4,True,129,3098.912088,51.6485348,0.0,0.001704261,9.073052632,0.0,High_Potential
4065,May,5,New_Visitor,2,False,74,2326.666667,38.777777783333335,0.0,0.002597403,5.015272727,0.0,High_Potential
4075,May,5,Returning_Visitor,2,False,46,1388.866667,23.147777783333332,0.004166667,0.029444444,24.40764444,0.0,High_Potential
4077,May,5,Returning_Visitor,4,False,81,2533.833333,42.23055555,0.002531646,0.010230908,0.0,0.0,High_Potential
4092,May,5,Returning_Visitor,6,False,60,3386.0,56.43333333333333,0.025333333,0.063888889,0.0,0.8,High_Potential
4100,May,5,Returning_Visitor,20,False,53,2241.5,37.358333333333334,0.003846154,0.026923077,0.0,0.4,High_Potential
4108,May,5,Returning_Visitor,2,False,129,6657.151362,110.95252269999999,0.010917582,0.022102102,0.0,0.4,High_Potential
4109,May,5,Returning_Visitor,6,False,89,2213.819048,36.89698413333333,0.013541667,0.034151181,0.936979167,0.4,High_Potential
4110,May,5,Returning_Visitor,1,False,41,647.8166667,10.796944445000001,0.0125,0.026666667,0.0,0.4,High_Potential
4114,May,5,Returning_Visitor,3,False,180,4773.335638,79.55559396666666,0.000537634,0.008600444,0.0,0.0,High_Potential
4115,May,5,Returning_Visitor,4,False,135,3700.495815,61.67493025,0.004662005,0.014626073,3.348407692,0.0,High_Potential
4120,May,5,Returning_Visitor,6,False,64,1810.966667,30.182777783333332,0.003174603,0.012962963,0.0,0.0,High_Potential
4129,May,5,Returning_Visitor,2,False,53,2544.166667,42.402777783333335,0.00617284,0.016049383,0.0,0.0,High_Potential
4146,May,5,Returning_Visitor,1,True,46,1900.896078,31.6816013,0.017156863,0.031932773,0.0,1.0,High_Potential
4150,May,5,Returning_Visitor,2,False,110,5343.049577,89.05082628333334,0.00877193,0.029643028,0.0,0.8,High_Potential
4155,May,5,Returning_Visitor,2,False,65,624.6248956,10.410414926666666,0.0,0.02359375,0.0,0.8,High_Potential
4157,May,5,Returning_Visitor,4,False,91,2869.788095,47.82980158333333,0.002,0.005452381,0.0,0.0,High_Potential
4162,May,5,Returning_Visitor,11,True,124,3394.130159,56.56883598333333,0.001587302,0.012918871,5.921482086,0.0,High_Potential
4169,May,5,New_Visitor,2,True,44,1373.95,22.899166666666666,0.0,0.004545455,0.0,0.0,High_Potential
4172,May,5,Returning_Visitor,3,False,45,939.6333333,15.660555555,0.0125,0.015972222,0.0,0.0,High_Potential
4173,May,5,Returning_Visitor,4,False,40,3970.7,66.17833333333333,0.005555556,0.020381594,8.022839506,0.6,High_Potential
4174,May,5,Returning_Visitor,4,False,43,2325.611905,38.76019841666667,0.00952381,0.01814059,0.0,0.8,High_Potential
4181,May,5,Returning_Visitor,4,False,46,1044.8,17.413333333333334,0.017021277,0.019756839,0.0,0.0,High_Potential
4190,May,5,Returning_Visitor,4,False,53,1062.749495,17.712491583333335,0.007843137,0.019263449,0.0,0.4,High_Potential
4191,May,5,Returning_Visitor,4,True,66,1231.2,20.52,0.006280193,0.028298931,10.45437681,1.0,High_Potential
4193,May,5,Returning_Visitor,1,False,129,5293.824709,88.23041181666667,0.005072464,0.020659075,2.524993961,0.2,High_Potential
4194,May,5,Returning_Visitor,2,False,77,1230.312302,20.505205033333333,0.0,0.003492063,79.0,0.6,High_Potential
4207,May,5,Returning_Visitor,2,False,39,1634.095238,27.234920633333335,0.0,0.011111111,8.604391304,0.0,High_Potential
4211,May,5,Returning_Visitor,2,False,49,4651.033333,77.51722221666667,0.02,0.05,0.0,0.8,High_Potential
4212,May,5,Returning_Visitor,4,False,76,2854.783333,47.57972221666667,0.005866667,0.019555556,0.0,0.0,High_Potential
4226,May,5,Returning_Visitor,4,False,195,7675.14929,127.91915483333334,0.001937543,0.014673582,3.38287678,0.4,High_Potential
4239,May,5,Returning_Visitor,2,False,64,2555.12381,42.585396833333334,0.017460317,0.034338624,0.0,0.0,High_Potential
4245,May,5,Returning_Visitor,1,True,99,6266.208586,104.43680976666666,0.0,0.010869841,8.926598571,0.0,High_Potential
4253,May,5,Returning_Visitor,19,True,362,13259.29396,220.98823266666668,0.002883379,0.008837606,0.0,0.0,High_Potential
4257,May,5,Returning_Visitor,13,False,79,1926.33339,32.1055565,0.01533101,0.020052948,0.0,0.0,High_Potential
4260,May,5,Returning_Visitor,6,False,68,2950.62381,49.1770635,0.009589041,0.023074581,16.6702274,0.0,High_Potential
4265,May,5,Returning_Visitor,2,False,50,1369.75,22.829166666666666,0.020408163,0.043307169,3.241653061,0.6,High_Potential
4267,May,5,Returning_Visitor,4,True,49,1164.416667,19.40694445,0.048,0.064,0.0,1.0,High_Potential
4268,May,5,Returning_Visitor,3,False,85,1740.271008,29.004516799999998,0.011827957,0.030865335,4.76956682,0.6,High_Potential
4272,May,5,Returning_Visitor,6,True,44,1527.166667,25.45277778333333,0.012765957,0.032765957,0.0,0.0,High_Potential
4278,May,5,Returning_Visitor,2,False,42,1822.841667,30.38069445,0.005769231,0.016642012,10.11360897,0.0,High_Potential
4286,May,5,Returning_Visitor,4,True,64,3289.5,54.825,0.0,0.010416667,0.0,0.0,High_Potential
4297,May,5,Returning_Visitor,2,False,61,2072.991919,34.54986531666667,0.005952381,0.036507937,0.0,0.6,High_Potential
4299,May,5,Returning_Visitor,2,False,56,2504.413636,41.74022726666667,0.004918033,0.011662763,8.184095082,0.0,High_Potential
4301,May,5,Returning_Visitor,2,False,66,1505.333333,25.088888883333333,0.0,0.009109731,0.0,0.0,High_Potential
4302,May,5,Returning_Visitor,6,False,74,2763.25,46.05416666666667,0.005405405,0.021288981,27.74177162,0.0,High_Potential
4317,May,5,Returning_Visitor,6,False,44,1820.566667,30.342777783333336,0.029166667,0.055555556,15.184125,0.6,High_Potential
4331,May,5,Returning_Visitor,13,False,51,1933.89893,32.23164883333333,0.011259259,0.032132434,0.0,0.8,High_Potential
4333,May,5,Returning_Visitor,2,False,40,737.2619048,12.287698413333334,0.013333333,0.028888889,0.0,0.6,High_Potential
4346,May,5,Returning_Visitor,2,False,77,3909.620363,65.16033938333334,0.002409639,0.022377452,9.849816466,0.0,High_Potential
4353,May,5,Returning_Visitor,2,False,57,4516.588312,75.27647186666667,0.005,0.015180847,8.052616667,0.0,High_Potential
4359,May,5,Returning_Visitor,2,False,42,3503.025,58.38375,0.005142857,0.018193939,21.76475048,0.0,High_Potential
4373,May,5,Returning_Visitor,6,False,51,1229.166667,20.486111116666667,0.0,0.019230769,0.0,0.6,High_Potential
4375,May,5,Returning_Visitor,1,False,57,4555.02381,75.9170635,0.0,0.030621469,9.102937419,0.0,High_Potential
4381,May,5,Returning_Visitor,6,False,58,5072.395938,84.53993229999999,0.007667474,0.038802798,2.483389831,0.2,High_Potential
4384,May,5,Returning_Visitor,2,False,125,3727.32381,62.122063499999996,0.0,0.001158605,0.0,0.0,High_Potential
4393,May,5,New_Visitor,11,False,40,1115.878205,18.597970083333333,0.0,0.003216374,0.0,0.0,High_Potential
4397,May,5,Returning_Visitor,4,True,179,5996.025,99.93374999999999,0.010388889,0.038277778,0.0,0.0,High_Potential
4398,May,5,Returning_Visitor,2,False,52,3593.12932,59.88548866666667,0.007795699,0.018264209,0.0,0.0,High_Potential
4400,May,5,Returning_Visitor,4,False,46,1687.85,28.13083333333333,0.0,0.011111111,18.844,0.0,High_Potential
4401,May,5,Returning_Visitor,2,False,126,3372.826797,56.21377995,0.00625,0.023480903,0.0,0.6,High_Potential
4410,May,5,Returning_Visitor,13,True,62,1471.858333,24.530972216666665,0.060655738,0.080437158,0.0,1.0,High_Potential
4414,May,5,Returning_Visitor,2,False,46,2425.083333,40.41805555,0.010869565,0.027681159,0.0,0.6,High_Potential
4419,May,5,Returning_Visitor,13,False,101,2584.714286,43.07857143333333,0.011214953,0.017133956,16.94046729,0.6,High_Potential
4430,May,5,New_Visitor,3,False,63,2461.25,41.020833333333336,0.0,0.005729167,0.0,0.0,High_Potential
4437,May,5,Returning_Visitor,4,False,41,1193.333333,19.888888883333333,0.00097561,0.01804878,6.53004878,0.0,High_Potential
4443,May,5,Returning_Visitor,4,False,132,3083.050977,51.384182949999996,0.001494396,0.009733401,8.868449011,0.0,High_Potential
4446,May,5,Returning_Visitor,3,True,58,1660.354762,27.672579366666664,0.003519062,0.018087558,12.59910233,0.0,High_Potential
4466,May,5,Returning_Visitor,3,False,73,2958.5,49.30833333333333,0.005405405,0.021846847,5.677286486,0.4,High_Potential
4483,May,5,Returning_Visitor,19,False,55,1165.623254,19.427054233333333,0.013207547,0.018742138,0.0,0.0,High_Potential
4490,May,5,Returning_Visitor,4,False,57,1580.6,26.34333333333333,0.01147541,0.028330849,0.0,0.0,High_Potential
4495,May,5,Returning_Visitor,3,True,39,743.0119048,12.383531746666668,0.0,0.01,0.0,0.0,High_Potential
4509,May,5,Returning_Visitor,1,False,55,3373.015865,56.21693108333333,0.016438356,0.038292564,8.508237502,0.0,High_Potential
4516,May,5,Returning_Visitor,13,False,124,5731.094444,95.51824073333334,0.018346253,0.03371764,1.914174972,0.2,High_Potential
4518,May,5,Returning_Visitor,13,False,61,1238.066667,20.63444445,0.004761905,0.020740741,0.0,0.6,High_Potential
4520,May,5,Returning_Visitor,2,False,70,2218.276547,36.97127578333333,0.018,0.035693651,5.185165143,0.8,High_Potential
4521,May,5,Returning_Visitor,2,False,113,5882.174206,98.03623676666666,0.0,0.006584897,1.033764021,0.0,High_Potential
4528,May,5,Returning_Visitor,2,False,44,831.6083333,13.860138888333333,0.0,0.013178295,0.0,0.0,High_Potential
4532,May,5,Returning_Visitor,4,False,55,1699.327668,28.322127799999997,0.0,0.008461558,16.48421053,0.0,High_Potential
4540,May,5,Returning_Visitor,4,True,118,3712.8116,61.88019333333333,0.003252033,0.010310363,8.256572358,0.0,High_Potential
4541,May,5,Returning_Visitor,3,False,62,1279.333333,21.322222216666667,0.000645161,0.016052227,0.0,0.8,High_Potential
4544,May,5,Returning_Visitor,1,False,60,3086.398654,51.43997756666667,0.000287356,0.019676875,0.0,0.4,High_Potential
4551,May,5,Returning_Visitor,3,False,46,944.2333333,15.737222221666666,0.004347826,0.017391304,0.0,0.0,High_Potential
4554,May,5,Returning_Visitor,18,False,45,1340.611199,22.343519983333334,0.028787879,0.028371212,0.0,0.0,High_Potential
4555,May,5,Returning_Visitor,1,False,38,1348.7,22.478333333333335,0.0,0.028376068,2.561538462,0.0,High_Potential
4559,May,5,Returning_Visitor,20,False,58,2498.029762,41.63382936666667,0.020689655,0.046264368,0.0,0.4,High_Potential
4562,May,5,Returning_Visitor,6,False,55,1728.025397,28.800423283333334,0.049318182,0.071645022,0.0,0.0,High_Potential
4568,May,5,Returning_Visitor,1,True,42,986.5166667,16.441944445,0.019934641,0.031113658,0.0,0.0,High_Potential
4576,May,5,Returning_Visitor,6,False,52,3095.975,51.599583333333335,0.012280702,0.02251462,12.13161988,0.0,High_Potential
4584,May,5,Returning_Visitor,4,False,68,3177.791667,52.963194449999996,0.005970149,0.011488014,0.0,0.0,High_Potential
4593,May,5,New_Visitor,2,False,49,1179.014103,19.65023505,0.0,0.001923077,0.0,0.0,High_Potential
4601,May,5,Returning_Visitor,1,True,58,3816.366667,63.60611111666666,0.010606061,0.028059163,6.221045455,0.0,High_Potential
4604,May,5,Returning_Visitor,4,False,69,1248.133333,20.802222216666667,0.005797101,0.029227053,0.0,0.6,High_Potential
4606,May,5,Returning_Visitor,4,False,61,1423.967857,23.73279761666667,0.01,0.022611111,7.998,0.8,High_Potential
4608,May,5,Returning_Visitor,4,False,39,1379.5,22.991666666666667,0.006349206,0.027777778,0.0,0.0,High_Potential
4612,May,5,Returning_Visitor,3,False,38,454.2891775,7.571486291666667,0.011111111,0.014074074,0.0,0.6,High_Potential
4615,May,5,Returning_Visitor,3,True,106,3825.102381,63.75170635,0.007592593,0.039827675,0.0,1.0,High_Potential
4616,May,5,Returning_Visitor,3,False,89,3639.737302,60.662288366666665,0.000217391,0.021383053,5.159462207,0.8,High_Potential
4618,May,5,Returning_Visitor,3,False,47,1447.577273,24.126287883333337,0.0,0.011134752,0.0,0.6,High_Potential
4629,May,5,Returning_Visitor,1,True,175,12634.62089,210.57701483333332,0.001156069,0.022134495,3.984110696,0.0,High_Potential
4637,May,5,Returning_Visitor,3,False,59,4200.597222,70.00995370000001,0.017241379,0.021690178,3.076706897,0.8,High_Potential
4642,May,5,Returning_Visitor,4,False,52,1887.158242,31.452637366666668,0.003508772,0.011497494,64.08126316,0.0,High_Potential
4645,May,5,New_Visitor,3,False,72,1032.761905,17.21269841666667,0.0,0.001388889,0.0,0.0,High_Potential
4646,May,5,Returning_Visitor,4,True,42,879.0333333,14.650555555,0.004761905,0.024603175,0.0,0.0,High_Potential
4647,May,5,Returning_Visitor,3,True,89,1332.088889,22.201481483333335,0.0,0.003296703,0.0,0.0,High_Potential
4651,May,5,Returning_Visitor,2,False,44,1065.501515,17.758358583333333,0.006333333,0.036774359,53.22268667,0.4,High_Potential
4654,May,5,Returning_Visitor,13,False,59,2516.833333,41.94722221666667,0.025423729,0.047740113,7.726779661,0.4,High_Potential
4655,May,5,Returning_Visitor,2,False,82,1814.564286,30.2427381,0.002325581,0.010385835,8.495651163,0.0,High_Potential
4658,May,5,Returning_Visitor,6,False,106,2980.889179,49.681486316666664,0.001851852,0.010139398,1.912422222,0.0,High_Potential
4664,May,5,Returning_Visitor,4,False,148,4010.064286,66.83440476666667,0.017088608,0.033122363,5.782988246,0.4,High_Potential
4674,May,5,Returning_Visitor,20,True,440,9951.869139,165.86448565,0.00185022,0.01009842,1.558381388,1.0,High_Potential
4681,May,5,Returning_Visitor,4,False,156,3899.001328,64.98335546666667,0.000170068,0.011252929,1.534835979,0.0,High_Potential
4682,May,5,Returning_Visitor,13,False,54,2008.807143,33.48011905,0.014423077,0.0136723,0.0,0.0,High_Potential
4684,May,5,Returning_Visitor,3,False,59,1889.7,31.495,0.005747126,0.014203612,0.0,0.6,High_Potential
4693,May,5,Returning_Visitor,3,False,61,867.4642857,14.457738095,0.000585938,0.028052083,0.0,0.8,High_Potential
4695,May,5,Returning_Visitor,6,False,46,1203.083333,20.051388883333335,0.066226415,0.101042228,0.0,0.4,High_Potential
4698,May,5,Returning_Visitor,2,False,62,969.15,16.1525,0.001092896,0.027790788,0.0,0.0,High_Potential
4705,May,5,Returning_Visitor,1,False,58,1645.966667,27.432777783333332,0.014285714,0.036607143,0.0,0.0,High_Potential
4707,May,5,Returning_Visitor,6,False,40,2872.916667,47.88194445,0.0,0.011965812,22.20401709,0.0,High_Potential
4709,May,5,Returning_Visitor,13,False,52,1622.433333,27.04055555,0.006410256,0.031730769,0.0,0.0,High_Potential
4713,May,5,Returning_Visitor,2,False,60,1147.615584,19.1269264,0.004285714,0.024416667,0.0,0.8,High_Potential
4714,May,5,Returning_Visitor,5,False,42,2724.008983,45.40014971666667,0.0065,0.021312784,0.0,0.4,High_Potential
4719,May,5,Returning_Visitor,4,False,66,2537.45,42.29083333333333,0.003956044,0.022177156,0.0,0.4,High_Potential
4720,May,5,Returning_Visitor,2,False,77,3733.228571,62.22047618333333,0.018666667,0.048622222,0.0,0.8,High_Potential
4742,May,5,Returning_Visitor,2,True,51,4522.409524,75.37349206666666,0.015757576,0.042922078,3.229518182,1.0,High_Potential
4744,May,5,Returning_Visitor,6,False,46,1804.9,30.081666666666667,0.017730496,0.039361702,0.0,0.0,High_Potential
4747,May,5,Returning_Visitor,6,False,40,1411.833333,23.53055555,0.0,0.001282051,0.0,0.0,High_Potential
4751,May,5,Returning_Visitor,11,False,70,1675.525366,27.925422766666667,0.018181818,0.026731602,15.02583766,0.0,High_Potential
4769,May,5,Returning_Visitor,4,True,46,1431.333333,23.855555550000002,0.003703704,0.015432099,6.076734568,0.0,High_Potential
4777,May,5,Returning_Visitor,1,False,59,1261.166667,21.019444449999998,0.035380117,0.060877193,0.0,0.6,High_Potential
4778,May,5,Returning_Visitor,2,False,61,1037.807143,17.296785716666665,0.003174603,0.027115142,0.0,0.6,High_Potential
4781,May,5,Returning_Visitor,1,False,39,659.9357143,10.998928571666665,0.0,0.0195595,0.0,0.0,High_Potential
4786,May,5,Returning_Visitor,2,False,67,2421.060623,40.35101038333333,0.0,0.005379499,0.902835681,0.0,High_Potential
4788,May,5,Returning_Visitor,13,True,181,4079.530461,67.99217435,0.01382199,0.023773007,0.0,1.0,High_Potential
4795,May,5,Returning_Visitor,6,True,53,861.3333333,14.355555555,0.003636364,0.008484848,0.0,0.0,High_Potential
4807,May,5,Returning_Visitor,4,True,55,1247.357143,20.789285716666665,0.001886792,0.010691824,0.0,0.0,High_Potential
4814,May,5,Returning_Visitor,3,True,40,4175.75,69.59583333333333,0.048333333,0.106,0.0,1.0,High_Potential
4816,May,5,Returning_Visitor,11,False,40,1190.4,19.84,0.0,0.012318841,17.19073913,0.0,High_Potential
4820,May,5,Returning_Visitor,2,False,102,5978.180357,99.63633928333334,0.004692308,0.020329446,15.25033754,0.6,High_Potential
4821,May,5,Returning_Visitor,6,False,95,2411.789279,40.196487983333334,0.0,0.01068254,16.78420229,0.0,High_Potential
4828,May,5,Returning_Visitor,13,False,46,4681.894444,78.03157406666666,0.008,0.024380952,0.0,0.8,High_Potential
4833,May,5,Returning_Visitor,2,False,42,1722.5,28.708333333333332,0.0,0.01037037,0.0,0.0,High_Potential
4845,May,5,Returning_Visitor,4,False,45,881.7412698,14.69568783,0.000531915,0.029964539,11.96396809,0.2,High_Potential
4846,May,5,Returning_Visitor,6,True,53,1511.195238,25.1865873,0.005454545,0.025787879,0.0,0.0,High_Potential
4859,May,5,Returning_Visitor,4,False,50,549.9166667,9.165277778333332,0.0,0.008163265,0.0,0.0,High_Potential
4863,May,5,Returning_Visitor,13,False,41,1271.333333,21.188888883333334,0.029268293,0.047560976,0.0,0.4,High_Potential
4869,May,5,Returning_Visitor,13,False,128,5287.233333,88.12055555,0.0171875,0.034482887,14.984875,0.4,High_Potential
4871,May,5,Returning_Visitor,15,True,50,2387.435714,39.790595233333335,0.019393939,0.037838384,0.0,1.0,High_Potential
4877,May,5,Returning_Visitor,13,False,103,1934.992857,32.24988095,0.029901961,0.044501535,0.0,0.8,High_Potential
4880,May,5,Returning_Visitor,1,False,39,1905.152381,31.752539683333335,0.005,0.016458333,0.0,0.0,High_Potential
4903,May,5,Returning_Visitor,4,False,80,1552.504762,25.875079366666668,0.002247191,0.00952381,28.25395506,0.0,High_Potential
4904,May,5,Returning_Visitor,3,True,42,922.2083333,15.370138888333335,0.0,0.024074074,0.0,1.0,High_Potential
4910,May,5,Returning_Visitor,4,False,39,964.0705128,16.06784188,0.020512821,0.055604396,0.0,0.0,High_Potential
4914,May,5,Returning_Visitor,1,True,38,1633.833333,27.230555550000002,0.0,0.007894737,0.0,0.0,High_Potential
4923,May,5,Returning_Visitor,3,False,83,3025.283333,50.42138888333333,0.0,0.006504065,28.94180488,0.2,High_Potential
4930,May,5,Returning_Visitor,3,False,41,634.6666667,10.577777778333333,0.012698413,0.024285714,0.0,0.0,High_Potential
4933,May,5,Returning_Visitor,6,False,115,8388.316083,139.80526805,0.01252501,0.029541047,0.0,0.8,High_Potential
4936,May,5,Returning_Visitor,2,False,63,2162.224767,36.03707945,0.009230769,0.022481685,12.08192262,0.2,High_Potential
4937,May,5,Returning_Visitor,4,False,178,4339.534423,72.32557371666667,0.003939056,0.015263169,6.149343862,0.4,High_Potential
4942,May,5,Returning_Visitor,2,False,46,1107.666667,18.461111116666665,0.005925926,0.020148148,0.0,0.8,High_Potential
4947,May,5,Returning_Visitor,4,False,48,2562.083333,42.70138888333334,0.004255319,0.005319149,0.0,0.0,High_Potential
4948,May,5,Returning_Visitor,4,False,39,2827.428571,47.12380951666667,0.0,0.015789474,11.33463158,0.0,High_Potential
4949,May,5,Returning_Visitor,4,False,69,3596.933967,59.94889945,0.004761905,0.00985167,0.0,0.0,High_Potential
4950,May,5,Returning_Visitor,4,False,61,1880.271429,31.337857149999998,0.0,0.013347763,1.036090909,0.0,High_Potential
4955,May,5,Returning_Visitor,3,False,106,1974.702597,32.91170995,0.001886792,0.014426543,1.324135445,0.0,High_Potential
4959,May,5,Returning_Visitor,3,False,63,1021.0,17.016666666666666,0.0265625,0.059895833,0.0,0.8,High_Potential
4963,May,5,Returning_Visitor,13,False,42,1356.457359,22.60762265,0.036601307,0.055504202,3.554847806,0.0,High_Potential
4965,May,5,New_Visitor,2,False,46,2308.261905,38.471031749999995,0.0,0.000555556,0.0,0.0,High_Potential
4974,May,5,Returning_Visitor,1,False,52,4167.488095,69.45813491666667,0.009615385,0.024839744,0.0,0.0,High_Potential
4977,May,5,Returning_Visitor,2,True,46,1060.451515,17.674191916666665,0.004444444,0.01558385,0.0,0.0,High_Potential
4981,May,5,Returning_Visitor,4,False,43,875.0,14.583333333333334,0.0,0.009761905,0.0,0.0,High_Potential
4985,May,5,Returning_Visitor,2,False,66,2582.69697,43.0449495,0.003030303,0.012121212,11.96954545,0.0,High_Potential
4990,May,5,Returning_Visitor,2,False,41,1705.041667,28.417361116666665,0.004545455,0.023982684,7.25975,0.0,High_Potential
4992,May,5,Returning_Visitor,4,False,42,2066.927778,34.448796300000005,0.017391304,0.048188406,17.70684845,0.0,High_Potential
5002,May,5,Returning_Visitor,3,False,70,1453.9,24.23166666666667,0.010144928,0.020772947,0.0,0.4,High_Potential
5027,May,5,Returning_Visitor,6,True,41,1919.24523,31.9874205,0.014875647,0.03167916,3.485352521,0.0,High_Potential
5028,May,5,Returning_Visitor,3,False,154,4712.769322,78.54615536666667,0.001282051,0.014267214,3.890350183,0.0,High_Potential
5030,May,5,Returning_Visitor,4,False,59,2012.900794,33.548346566666666,0.001538462,0.011431235,54.65714872,0.0,High_Potential
5031,May,5,Returning_Visitor,2,True,49,1714.868651,28.581144183333333,0.013711002,0.055127258,1.456951523,1.0,High_Potential
5037,May,5,Returning_Visitor,2,False,70,2083.3,34.72166666666667,0.000980392,0.005252101,0.0,0.0,High_Potential
5039,May,5,Returning_Visitor,3,True,80,1143.371078,19.05618463333333,0.002463054,0.019057903,12.45099015,0.0,High_Potential
5045,May,5,Returning_Visitor,6,False,184,7706.546429,128.44244048333334,0.002083333,0.013793271,6.738395238,0.0,High_Potential
5050,May,5,Returning_Visitor,2,False,66,1859.5,30.991666666666667,0.005128205,0.00974359,0.0,0.4,High_Potential
5052,May,5,Returning_Visitor,1,True,73,1209.761905,20.162698416666668,0.002816901,0.007668232,0.0,0.0,High_Potential
5059,May,5,Returning_Visitor,13,False,93,3148.173939,52.46956565,0.021875,0.039475088,3.323971324,0.4,High_Potential
5064,May,5,Returning_Visitor,3,False,41,881.1666667,14.686111111666666,0.009756098,0.021138211,0.0,0.6,High_Potential
5067,May,5,Returning_Visitor,4,False,116,3364.191667,56.069861116666665,0.014957265,0.024863655,0.0,0.4,High_Potential
5072,May,5,Returning_Visitor,4,False,43,3283.722222,54.7287037,0.009302326,0.019379845,24.90144186,0.2,High_Potential
5075,May,5,Returning_Visitor,6,False,59,1828.774603,30.479576716666667,0.003874092,0.023361582,26.93792373,0.0,High_Potential
5078,May,5,Returning_Visitor,1,False,39,1183.5,19.725,0.012820513,0.033333333,0.0,0.0,High_Potential
5080,May,5,Returning_Visitor,2,False,45,547.5,9.125,0.033469388,0.054460641,13.18408163,0.8,High_Potential
5081,May,5,Returning_Visitor,1,False,88,1917.683333,31.96138888333333,0.003409091,0.016287879,0.0,0.2,High_Potential
5094,May,5,Returning_Visitor,2,True,41,1135.860714,18.931011899999998,0.0,0.025876068,11.87691429,1.0,High_Potential
5099,May,5,Returning_Visitor,3,False,44,815.475,13.59125,0.0,0.023550725,0.0,0.0,High_Potential
5103,May,5,Returning_Visitor,4,False,44,2588.5,43.141666666666666,0.019047619,0.041201814,0.0,0.8,High_Potential
5111,May,5,Returning_Visitor,2,False,129,5883.040509,98.05067515,0.003076923,0.008735669,0.0,0.0,High_Potential
5112,May,5,Returning_Visitor,2,False,61,4501.4337,75.023895,0.015,0.036678391,0.0,0.2,High_Potential
5113,May,5,Returning_Visitor,2,True,68,3357.340476,55.955674599999995,0.018137255,0.028272059,0.0,1.0,High_Potential
5115,May,5,Returning_Visitor,11,False,51,1056.616667,17.610277783333334,0.016734694,0.036472303,0.0,0.8,High_Potential
5122,May,5,Returning_Visitor,6,False,71,1799.833333,29.997222216666668,0.016901408,0.047183099,0.0,0.6,High_Potential
5126,May,5,Returning_Visitor,2,False,43,703.8333333,11.730555555,0.0,0.006976744,0.0,0.0,High_Potential
5128,May,5,Returning_Visitor,2,True,52,1630.972222,27.18287036666667,0.012,0.026,0.0,1.0,High_Potential
5130,May,5,Returning_Visitor,4,False,57,2660.245238,44.33742063333333,0.000847458,0.003954802,59.1244678,0.0,High_Potential
5140,May,5,Returning_Visitor,4,True,46,1041.316345,17.355272416666665,0.000571429,0.013478622,2.690792571,0.0,High_Potential
5144,May,5,Returning_Visitor,4,False,85,768.5,12.808333333333334,0.0,0.005813953,0.0,0.0,High_Potential
5146,May,5,New_Visitor,3,False,61,683.1738095,11.386230158333332,0.0,0.006349206,0.0,0.0,High_Potential
5150,May,5,Returning_Visitor,1,False,113,2216.66832,36.944472000000005,0.005357143,0.014344857,8.353508036,0.2,High_Potential
5152,May,5,Returning_Visitor,14,True,705,43171.23338,719.5205563333333,0.004851285,0.015431438,0.763828956,0.0,High_Potential
5153,May,5,Returning_Visitor,1,False,134,6897.942424,114.96570706666667,0.002985075,0.008824665,0.0,0.0,High_Potential
5154,May,5,Returning_Visitor,3,False,57,1718.5,28.641666666666666,0.039766082,0.054736842,0.0,0.8,High_Potential
5159,May,5,Returning_Visitor,2,False,56,1086.074242,18.101237366666666,0.010526316,0.022368421,14.84053801,0.0,High_Potential
5161,May,5,Returning_Visitor,13,False,128,1799.144235,29.98573725,0.009237379,0.020182874,0.0,0.8,High_Potential
5172,May,5,Returning_Visitor,4,False,42,1288.066667,21.467777783333336,0.0,0.007317073,0.0,0.0,High_Potential
5180,May,5,Returning_Visitor,6,True,122,1945.321429,32.422023816666666,0.018032787,0.033333333,0.0,1.0,High_Potential
5182,May,5,Returning_Visitor,2,False,72,1243.80882,20.730147,0.000675676,0.007297297,0.0,0.0,High_Potential
5192,May,5,Returning_Visitor,4,False,49,1747.125,29.11875,0.027659574,0.048014184,0.0,0.2,High_Potential
5193,May,5,Returning_Visitor,2,True,79,1594.972222,26.58287036666667,0.0,0.015691057,0.0,0.0,High_Potential
5195,May,5,Returning_Visitor,4,True,62,2450.435809,40.84059681666667,0.003125,0.012783365,0.0,0.0,High_Potential
5207,May,5,Returning_Visitor,3,False,39,1603.5,26.725,0.005,0.0115625,0.0,0.0,High_Potential
5217,May,5,Returning_Visitor,2,False,97,1871.788041,31.19646735,0.002252252,0.010302067,2.904177177,0.0,High_Potential
5220,May,5,Returning_Visitor,6,True,45,1754.0,29.233333333333334,0.0,0.014534161,7.880478261,0.0,High_Potential
5237,May,5,Returning_Visitor,1,False,65,1476.5,24.608333333333334,0.040096618,0.059661836,1.680318841,0.8,High_Potential
5239,May,5,Returning_Visitor,3,False,92,2710.570238,45.17617063333333,0.016842105,0.026417863,0.0,0.6,High_Potential
5245,May,5,Returning_Visitor,4,True,42,1349.25,22.4875,0.0,0.004065041,0.0,0.0,High_Potential
5246,May,5,Returning_Visitor,1,True,45,848.2051282,14.136752136666667,0.004347826,0.022463768,0.0,0.0,High_Potential
5251,May,5,Returning_Visitor,3,False,61,776.4138158,12.940230263333332,0.015104167,0.016153274,0.0,0.0,High_Potential
5253,May,5,Returning_Visitor,2,False,88,2765.444444,46.090740733333334,0.0,0.014772727,0.0,0.2,High_Potential
5259,May,5,Returning_Visitor,3,False,39,3413.833333,56.89722221666667,0.005128205,0.028205128,0.0,0.4,High_Potential
5261,May,5,Returning_Visitor,1,True,99,3072.305403,51.205090049999995,0.001960784,0.020506536,7.300656863,0.0,High_Potential
5275,May,5,Returning_Visitor,6,False,119,4749.240385,79.15400641666666,0.015772358,0.031811847,1.164075388,0.8,High_Potential
5288,May,5,Returning_Visitor,3,False,52,2529.166667,42.152777783333335,0.014,0.042666667,0.0,0.4,High_Potential
5299,May,5,Returning_Visitor,3,True,70,2860.5,47.675,0.009876543,0.025308642,8.488518519,0.0,High_Potential
5312,May,5,Returning_Visitor,1,False,48,1129.214286,18.820238099999997,0.008163265,0.010945092,0.0,0.0,High_Potential
5316,May,5,Returning_Visitor,2,False,61,3545.19127,59.086521166666664,0.008954009,0.057518519,0.0,0.6,High_Potential
5319,May,5,Returning_Visitor,4,False,57,2874.966667,47.91611111666667,0.003278689,0.016721311,0.0,0.0,High_Potential
5324,May,5,Returning_Visitor,4,False,38,821.1666667,13.686111111666666,0.021052632,0.049475963,0.0,0.8,High_Potential
5333,May,5,Returning_Visitor,1,False,74,3615.889239,60.264820650000004,0.007028112,0.016930138,1.119759036,0.8,High_Potential
5334,May,5,Returning_Visitor,13,False,43,2949.55,49.15916666666667,0.015909091,0.027164502,0.0,0.8,High_Potential
5339,May,5,Returning_Visitor,4,False,58,1341.261111,22.35435185,0.004597701,0.009827586,0.0,0.0,High_Potential
5340,May,5,Returning_Visitor,13,False,57,1384.5,23.075,0.010344828,0.034482759,0.0,0.0,High_Potential
5341,May,5,Returning_Visitor,1,False,38,2101.733333,35.02888888333334,0.010526316,0.028070175,0.0,0.8,High_Potential
5343,May,5,Returning_Visitor,13,True,70,2720.7,45.345,0.017506494,0.031513142,4.858842857,0.0,High_Potential
5345,May,5,Returning_Visitor,20,False,118,4541.925,75.69875,0.013114754,0.031399948,0.0,0.4,High_Potential
5362,May,5,Returning_Visitor,4,False,81,1421.668627,23.69447711666667,0.0,0.000833333,0.0,0.6,High_Potential
5368,May,5,Returning_Visitor,1,False,105,4797.987915,79.96646525,0.005607477,0.013726336,8.072426168,0.0,High_Potential
5369,May,5,Returning_Visitor,6,False,45,901.9166667,15.031944444999999,0.007189542,0.02627451,7.802611111,0.0,High_Potential
5371,May,5,Returning_Visitor,4,True,49,2382.428571,39.70714285,0.022641509,0.048227559,5.513345912,0.0,High_Potential
5373,May,5,Returning_Visitor,6,True,38,1417.666667,23.627777783333332,0.016117216,0.048717949,0.0,1.0,High_Potential
5380,May,5,Returning_Visitor,1,False,50,1156.384921,19.273082016666667,0.008,0.0355,0.0,0.6,High_Potential
5381,May,5,Returning_Visitor,13,False,55,1995.466667,33.25777778333333,0.003333333,0.025396825,1.8315,0.0,High_Potential
5383,May,5,Returning_Visitor,1,False,51,1424.866667,23.747777783333333,0.004081633,0.020779221,0.0,0.6,High_Potential
5403,May,5,Returning_Visitor,2,True,48,2235.0,37.25,0.004347826,0.025362319,9.127391304,0.0,High_Potential
5408,May,5,Returning_Visitor,11,False,48,2207.833333,36.79722221666667,0.001041667,0.016921296,0.0,0.0,High_Potential
5413,May,5,Returning_Visitor,3,False,68,1986.251515,33.104191916666664,0.0,0.009553204,17.19611523,0.0,High_Potential
5414,May,5,Returning_Visitor,13,False,72,2347.716667,39.12861111666667,0.028169014,0.037793427,0.0,0.8,High_Potential
5419,May,5,Returning_Visitor,6,False,90,3262.350896,54.372514933333335,0.003125,0.010909616,0.0,0.0,High_Potential
5420,May,5,Returning_Visitor,4,False,47,1541.327451,25.68879085,0.000653595,0.023288614,0.0,0.8,High_Potential
5422,May,5,Returning_Visitor,3,False,80,1793.777778,29.8962963,0.017857143,0.031725417,0.0,0.6,High_Potential
5425,May,5,Returning_Visitor,1,False,146,7253.676493,120.89460821666667,0.006570513,0.020305773,5.942025641,0.4,High_Potential
5433,May,5,Returning_Visitor,4,False,56,1977.385088,32.95641813333334,0.0,0.007471264,0.0,0.4,High_Potential
5447,May,5,Returning_Visitor,2,False,58,1572.27381,26.2045635,0.003870968,0.017803379,0.0,0.0,High_Potential
5449,May,5,New_Visitor,2,False,84,2839.75,47.329166666666666,0.0,0.006593407,6.281494505,0.0,High_Potential
5451,May,5,Returning_Visitor,3,False,39,681.7619048,11.362698413333334,0.015384615,0.032988166,0.0,0.0,High_Potential
5465,Oct,10,Returning_Visitor,1,True,48,2307.661212,38.4610202,0.025510204,0.035488428,4.348145623,0.0,High_Potential
5468,Sep,9,Returning_Visitor,3,False,180,6512.010952,108.53351586666666,0.002645503,0.012248677,0.0,0.0,High_Potential
5473,Sep,9,Returning_Visitor,1,False,91,5692.211713,94.87019521666666,0.006451613,0.033623455,0.0,0.0,High_Potential
5489,Oct,10,Returning_Visitor,3,False,42,844.58,14.076333333333334,0.05952381,0.085396825,0.0,0.0,High_Potential
5497,Nov,11,Returning_Visitor,2,False,77,2697.022104,44.9503684,0.0,0.009471471,1.798669862,0.0,High_Potential
5500,Oct,10,Returning_Visitor,2,False,66,3572.241757,59.53736261666666,0.005797101,0.012314449,7.766280897,0.0,High_Potential
5502,June,6,Returning_Visitor,1,False,38,3287.0,54.78333333333333,0.036842105,0.075814536,0.0,0.0,High_Potential
5503,Jul,7,Returning_Visitor,1,False,47,902.77,15.046166666666666,0.022222222,0.04037037,0.0,0.0,High_Potential
5508,Oct,10,Returning_Visitor,5,False,70,1087.7,18.128333333333334,0.0,0.004861111,0.0,0.0,High_Potential
5511,Aug,8,New_Visitor,4,True,40,778.8333333,12.980555555,0.0,0.009469697,8.480846261,0.0,High_Potential
5517,Sep,9,Returning_Visitor,4,True,66,4152.7631,69.21271833333334,0.014979592,0.017561939,6.282904602,0.0,High_Potential
5519,Sep,9,Returning_Visitor,1,False,40,991.7155466,16.528592443333334,0.008888889,0.011659808,0.0,0.0,High_Potential
5520,June,6,Returning_Visitor,1,False,73,1677.666667,27.961111116666665,0.010666667,0.040444444,0.0,0.0,High_Potential
5523,Oct,10,Returning_Visitor,3,False,96,1304.973333,21.74955555,0.003921569,0.008309991,6.175932014,0.0,High_Potential
5526,Jul,7,Returning_Visitor,13,False,80,1807.227778,30.120462966666665,0.016091954,0.0348659,4.192980384,0.0,High_Potential
5527,Jul,7,Returning_Visitor,1,True,104,1667.158421,27.785973683333335,0.0,0.002547045,0.0,0.0,High_Potential
5536,Sep,9,Returning_Visitor,3,True,38,777.4146154,12.956910256666667,0.004255319,0.016960486,0.0,0.0,High_Potential
5564,Oct,10,Returning_Visitor,3,False,84,1893.619048,31.560317466666667,0.016825397,0.030138889,0.0,0.0,High_Potential
5565,June,6,New_Visitor,4,False,64,1324.68,22.078,0.0,0.003864734,0.0,0.0,High_Potential
5569,Oct,10,Returning_Visitor,20,False,41,5194.857143,86.58095238333334,0.001754386,0.013972431,22.65941331,0.0,High_Potential
5575,Oct,10,Returning_Visitor,4,False,50,907.2363636,15.12060606,0.020411523,0.023212197,1.981038388,0.0,High_Potential
5581,Sep,9,Returning_Visitor,3,False,73,2000.618333,33.343638883333334,0.0,0.003703704,0.0,0.0,High_Potential
5583,Aug,8,Returning_Visitor,1,False,106,4143.175238,69.05292063333333,0.019711538,0.03900641,4.484328486,0.0,High_Potential
5585,Jul,7,Returning_Visitor,1,False,140,3252.200476,54.20334126666667,0.005479452,0.024292237,0.0,0.0,High_Potential
5587,June,6,Returning_Visitor,4,False,41,764.1333333,12.735555555,0.0,0.014444444,0.0,0.0,High_Potential
5595,Aug,8,Returning_Visitor,1,False,63,1779.163333,29.652722216666668,0.003278689,0.020243418,0.0,0.0,High_Potential
5597,June,6,Returning_Visitor,1,False,189,3428.527381,57.142123016666666,0.018642295,0.043830926,0.870148477,0.0,High_Potential
5600,Aug,8,Returning_Visitor,2,False,120,5771.466862,96.19111436666667,0.002755906,0.014537746,4.586910248,0.0,High_Potential
5608,Nov,11,Returning_Visitor,13,False,38,2621.621429,43.69369048333333,0.021212121,0.044507576,10.72117234,0.0,High_Potential
5617,Jul,7,Returning_Visitor,13,False,94,6186.17226,103.10287100000001,0.022541254,0.03820917,3.085103642,0.0,High_Potential
5629,Aug,8,Returning_Visitor,4,True,41,1556.523333,25.942055550000003,0.005681818,0.012878788,0.0,0.0,High_Potential
5632,Aug,8,Returning_Visitor,1,False,46,2031.506667,33.85844445,0.013043478,0.023913043,0.0,0.0,High_Potential
5637,Aug,8,Returning_Visitor,2,False,131,4044.465674,67.40776123333333,0.008889185,0.030612404,0.0,0.0,High_Potential
5638,Jul,7,Returning_Visitor,1,True,111,4208.752099,70.14586831666666,0.003477744,0.015856149,0.0,0.0,High_Potential
5639,Jul,7,Returning_Visitor,3,False,193,7548.633333,125.81055554999999,0.013471503,0.029620035,0.0,0.0,High_Potential
5641,June,6,Returning_Visitor,13,False,57,820.3636364,13.672727273333333,0.035087719,0.061650605,0.0,0.0,High_Potential
5648,Nov,11,New_Visitor,5,True,70,2012.660952,33.5443492,0.0,0.001408451,0.0,0.0,High_Potential
5658,Jul,7,Returning_Visitor,3,False,101,1808.162266,30.136037766666668,0.045307443,0.06290128,2.153839297,0.0,High_Potential
5663,Nov,11,Returning_Visitor,1,False,45,2347.333333,39.122222216666664,0.004545455,0.015909091,0.0,0.0,High_Potential
5664,June,6,Returning_Visitor,13,False,41,817.7958109,13.629930181666667,0.034492302,0.05715957,0.0,0.0,High_Potential
5667,Aug,8,Returning_Visitor,3,False,95,2383.139223,39.71898705,0.019666667,0.036723457,0.0,0.0,High_Potential
5668,Nov,11,New_Visitor,2,False,39,752.56,12.542666666666666,0.0,0.000696864,0.0,0.0,High_Potential
5674,Oct,10,Returning_Visitor,2,True,94,3210.848218,53.51413696666667,0.00212766,0.020921986,0.0,0.0,High_Potential
5675,Sep,9,Returning_Visitor,4,False,39,873.0,14.55,0.01,0.02,0.0,0.0,High_Potential
5679,June,6,Other,5,False,222,9630.209524,160.50349206666667,0.053355457,0.066158871,0.0,0.0,High_Potential
5682,Jul,7,Returning_Visitor,4,False,39,606.3666667,10.106111111666667,0.015789474,0.026754386,0.0,0.0,High_Potential
5688,Jul,7,Returning_Visitor,1,False,94,2103.938772,35.065646199999996,0.013731061,0.038809156,1.47623044,0.0,High_Potential
5697,Nov,11,Returning_Visitor,4,False,39,1267.453333,21.124222216666666,0.004761905,0.020634921,17.92758699,0.0,High_Potential
5701,Jul,7,Returning_Visitor,3,False,43,654.0666667,10.901111111666667,0.0,0.029844961,0.0,0.0,High_Potential
5703,June,6,Returning_Visitor,3,False,84,2359.522438,39.32537396666667,0.016666667,0.028709742,3.478135617,0.0,High_Potential
5709,Aug,8,Returning_Visitor,1,False,38,1712.776667,28.546277783333334,0.013333333,0.040833333,0.0,0.0,High_Potential
5711,Oct,10,Returning_Visitor,5,True,56,1371.415714,22.856928566666667,0.002539683,0.011752445,0.0,0.0,High_Potential
5712,Jul,7,Returning_Visitor,3,False,121,3362.749679,56.04582798333333,0.025170765,0.042322417,4.212415755,0.0,High_Potential
5714,Jul,7,Returning_Visitor,13,True,62,2636.513492,43.94189153333333,0.04781874,0.061364567,0.0,0.0,High_Potential
5724,Nov,11,Returning_Visitor,2,False,39,1867.033333,31.11722221666667,0.0,0.020512821,0.0,0.0,High_Potential
5728,Oct,10,New_Visitor,2,False,70,806.0266667,13.433777778333333,0.0,0.002666667,0.0,0.0,High_Potential
5730,Oct,10,New_Visitor,2,True,91,4864.147143,81.06911905,0.0,0.002380952,0.0,0.0,High_Potential
5737,June,6,Returning_Visitor,13,True,103,1955.168685,32.58614475,0.015359477,0.037057104,0.0,0.0,High_Potential
5738,Sep,9,Returning_Visitor,1,False,103,3357.053333,55.95088888333333,0.015533981,0.043527508,0.0,0.0,High_Potential
5739,Nov,11,Returning_Visitor,1,False,62,1200.354444,20.0059074,0.003225806,0.023655914,0.0,0.0,High_Potential
5740,June,6,Returning_Visitor,4,False,74,1268.266667,21.137777783333334,0.002702703,0.00954955,0.0,0.0,High_Potential
5743,Oct,10,Returning_Visitor,4,False,50,1085.891081,18.098184683333333,0.025952381,0.041398682,0.0,0.0,High_Potential
5751,Oct,10,Returning_Visitor,4,False,107,4376.902655,72.94837758333333,0.007272727,0.021707552,0.0,0.0,High_Potential
5760,Sep,9,Returning_Visitor,2,False,45,1668.125238,27.8020873,0.004444444,0.024107744,47.57360345,0.0,High_Potential
5762,Aug,8,Returning_Visitor,2,False,51,2303.96,38.39933333333333,0.019496855,0.036855346,0.0,0.0,High_Potential
5769,Sep,9,Returning_Visitor,3,False,47,1534.815256,25.580254266666667,0.022807018,0.036908939,5.194081873,0.0,High_Potential
5773,Oct,10,New_Visitor,2,False,62,4402.25,73.37083333333334,0.0,0.001041667,246.7585902,0.0,High_Potential
5776,Jul,7,Returning_Visitor,13,False,68,5943.547619,99.05912698333333,0.032236842,0.038623482,0.0,0.0,High_Potential
5780,Jul,7,Returning_Visitor,13,False,142,4204.433333,70.07388888333334,0.009722222,0.021345899,0.770991864,0.0,High_Potential
5784,Jul,7,Returning_Visitor,13,False,43,3747.833333,62.46388888333333,0.020930233,0.051162791,0.0,0.0,High_Potential
5787,Jul,7,Returning_Visitor,3,False,63,2435.697531,40.59495885,0.00952381,0.017460317,0.0,0.0,High_Potential
5788,Jul,7,Returning_Visitor,1,False,81,4536.308139,75.60513565,0.032304527,0.054759418,0.0,0.0,High_Potential
5802,Aug,8,Returning_Visitor,1,False,53,1693.73,28.228833333333334,0.034545455,0.054839161,0.0,0.0,High_Potential
5807,Sep,9,Returning_Visitor,1,False,130,9447.578514,157.4596419,0.012661499,0.025758194,0.0,0.0,High_Potential
5812,Nov,11,Returning_Visitor,3,False,79,2150.433333,35.84055555,0.007228916,0.020883534,17.35448787,0.0,High_Potential
5828,Oct,10,Returning_Visitor,2,False,43,1487.229317,24.787155283333334,0.004545455,0.019638695,0.0,0.0,High_Potential
5829,Nov,11,Returning_Visitor,2,False,141,2623.580864,43.726347733333334,0.0,0.004244028,12.50786523,0.0,High_Potential
5833,Oct,10,Returning_Visitor,2,False,40,675.2020988,11.253368313333334,0.015,0.019412202,0.0,0.0,High_Potential
5834,Oct,10,Returning_Visitor,2,False,41,1321.322222,22.022037033333334,0.0,0.021428571,3.979543638,0.0,High_Potential
5839,Sep,9,Returning_Visitor,13,True,52,1216.364286,20.2727381,0.050909091,0.073225108,0.0,0.0,High_Potential
5845,Oct,10,Returning_Visitor,3,False,305,5018.328289,83.63880481666666,0.001607717,0.005625881,0.0,0.0,High_Potential
5856,June,6,Returning_Visitor,4,False,60,1288.563333,21.47605555,0.0,0.017777778,0.0,0.0,High_Potential
5860,June,6,Returning_Visitor,1,False,45,507.1111111,8.451851851666667,0.008888889,0.024444444,0.0,0.0,High_Potential
5861,Oct,10,Returning_Visitor,3,False,89,1904.653507,31.744225116666666,0.01827957,0.027002924,0.0,0.0,High_Potential
5869,June,6,Returning_Visitor,2,False,78,1983.225629,33.053760483333335,0.0025,0.007916667,15.50362136,0.0,High_Potential
5871,Aug,8,Returning_Visitor,4,False,59,779.2628571,12.987714285000001,0.0,0.007471264,0.0,0.0,High_Potential
5877,Nov,11,Returning_Visitor,1,True,99,2129.989707,35.49982845,0.001869159,0.006805318,129.1013738,0.0,High_Potential
5879,Jul,7,Returning_Visitor,2,False,80,4240.036205,70.66727008333334,0.000169693,0.011635537,1.257695521,0.0,High_Potential
5890,June,6,Returning_Visitor,4,False,46,1728.866268,28.8144378,0.0,0.019059741,0.0,0.0,High_Potential
5891,Aug,8,Returning_Visitor,13,False,199,7959.909524,132.66515873333333,0.028594771,0.058447712,0.0,0.0,High_Potential
5893,Sep,9,Returning_Visitor,1,False,149,4304.366905,71.73944841666666,0.01025641,0.027991453,0.0,0.0,High_Potential
5895,Nov,11,Returning_Visitor,1,False,56,4895.26,81.58766666666666,0.016949153,0.043785311,5.763678818,0.0,High_Potential
5901,Sep,9,Returning_Visitor,2,True,38,1323.093695,22.051561583333335,0.007738095,0.012865853,5.62486136,0.0,High_Potential
5902,Sep,9,Returning_Visitor,4,True,46,1760.657143,29.344285716666665,0.01010929,0.0254213,2.006032937,0.0,High_Potential
5908,Oct,10,New_Visitor,2,True,50,981.5083333,16.358472221666666,0.0,0.003636364,0.0,0.0,High_Potential
5915,Sep,9,Returning_Visitor,3,False,43,1257.9,20.965,0.00952381,0.020634921,0.0,0.0,High_Potential
5916,Sep,9,Returning_Visitor,13,False,439,21857.04648,364.284108,0.003588626,0.012497612,11.43923328,0.0,High_Potential
5917,Oct,10,Returning_Visitor,3,True,223,2477.53655,41.29227583333333,0.0,0.003694084,0.17982681,0.0,High_Potential
5918,June,6,New_Visitor,2,False,45,789.3666667,13.156111111666666,0.0,0.004255319,0.0,0.0,High_Potential
5922,Jul,7,Returning_Visitor,1,False,74,3146.709481,52.44515801666667,0.0192,0.042311111,0.93770521,0.0,High_Potential
5931,Oct,10,Returning_Visitor,1,False,81,2092.67381,34.87789683333333,0.015,0.027155449,0.0,0.0,High_Potential
5934,Aug,8,Returning_Visitor,2,False,63,1033.206667,17.220111116666665,0.0,0.009068627,0.0,0.0,High_Potential
5936,Jul,7,New_Visitor,4,True,49,1571.12381,26.185396833333336,0.004255319,0.010638298,0.0,0.0,High_Potential
5937,Sep,9,Returning_Visitor,1,True,41,1081.713333,18.02855555,0.01,0.028830409,27.5128393,0.0,High_Potential
5948,Aug,8,Returning_Visitor,3,False,47,981.6014286,16.360023809999998,0.007272727,0.006818182,0.0,0.0,High_Potential
5962,Jul,7,Returning_Visitor,4,False,51,4651.612222,77.52687036666666,0.004155844,0.020606061,0.0,0.0,High_Potential
5971,Aug,8,Returning_Visitor,2,True,154,7835.874629,130.59791048333332,0.012549679,0.022587818,0.0,0.0,High_Potential
5974,Jul,7,Returning_Visitor,2,True,40,2731.5,45.525,0.0,0.012357724,0.0,0.0,High_Potential
5978,Nov,11,Returning_Visitor,2,False,70,2146.757984,35.77929973333333,0.0,0.009316323,67.30929078,0.0,High_Potential
5981,Oct,10,Returning_Visitor,2,False,43,1568.320833,26.13868055,0.009183673,0.02292517,28.05716135,0.0,High_Potential
5983,Aug,8,Returning_Visitor,2,True,59,1992.733333,33.21222221666667,0.003225806,0.034331797,13.18078221,0.0,High_Potential
5987,Aug,8,Returning_Visitor,6,False,77,1750.371795,29.17286325,0.021367521,0.031794872,0.0,0.0,High_Potential
5993,Nov,11,Returning_Visitor,2,False,51,1693.633333,28.227222216666668,0.003703704,0.014814815,11.27445733,0.0,High_Potential
5996,Aug,8,Returning_Visitor,11,False,179,1738.472529,28.974542149999998,2.73e-05,0.025997611,0.0,0.0,High_Potential
6000,Aug,8,Returning_Visitor,3,False,56,1510.006667,25.166777783333334,0.074137931,0.094482759,0.0,0.0,High_Potential
6006,Aug,8,Returning_Visitor,1,False,74,1540.290115,25.671501916666667,0.00617284,0.016237507,0.0,0.0,High_Potential
6007,Sep,9,Returning_Visitor,4,False,38,1570.681813,26.178030216666667,0.005980066,0.015724311,24.51269374,0.0,High_Potential
6008,Aug,8,Returning_Visitor,1,False,40,1178.496667,19.641611116666663,0.026666667,0.031153846,0.0,0.0,High_Potential
6010,Nov,11,Returning_Visitor,13,False,40,829.8,13.83,0.074418605,0.090697674,0.0,0.0,High_Potential
6011,Nov,11,Returning_Visitor,1,False,78,5526.080123,92.10133538333334,0.0,0.010699588,0.838988251,0.0,High_Potential
6013,Sep,9,Returning_Visitor,2,False,48,1062.812542,17.713542366666665,0.0,0.027253521,0.0,0.0,High_Potential
6015,Aug,8,Returning_Visitor,20,False,48,3025.333333,50.42222221666667,0.004166667,0.009375,0.0,0.0,High_Potential
6019,Nov,11,Returning_Visitor,20,True,39,1294.599603,21.576660049999997,0.002702703,0.011568387,0.0,0.0,High_Potential
6030,Jul,7,Returning_Visitor,2,True,98,2138.481263,35.641354383333336,0.001886792,0.017985395,0.129676893,0.0,High_Potential
6032,June,6,Returning_Visitor,2,False,44,1341.716667,22.36194445,0.008888889,0.046666667,0.0,0.0,High_Potential
6034,Aug,8,Returning_Visitor,2,False,67,3264.128466,54.4021411,0.01352657,0.021901262,0.0,0.0,High_Potential
6046,June,6,Returning_Visitor,1,False,230,9050.459482,150.84099136666666,0.006722689,0.01755845,2.664994971,0.0,High_Potential
6050,Nov,11,Returning_Visitor,4,True,84,1242.776046,20.7129341,0.0,0.006589147,4.17431402,0.0,High_Potential
6059,Nov,11,Returning_Visitor,2,False,49,3346.969048,55.782817466666664,0.0,0.008471594,12.5740183,0.0,High_Potential
6061,Aug,8,Returning_Visitor,13,False,73,3799.2,63.32,0.079279279,0.08481982,0.0,0.0,High_Potential
6065,Nov,11,New_Visitor,5,False,44,1256.825,20.947083333333335,0.0,0.0,0.0,0.0,High_Potential
6066,Jul,7,Returning_Visitor,3,False,280,18171.79454,302.8632423333333,0.017486109,0.038980418,5.697658998,0.0,High_Potential
6069,Aug,8,Returning_Visitor,1,False,98,3098.649444,51.644157400000005,0.018814433,0.037472815,6.153201384,0.0,High_Potential
6072,Aug,8,Returning_Visitor,13,True,90,4984.371429,83.07285714999999,0.042666667,0.066033333,1.464010432,0.0,High_Potential
6076,Nov,11,Returning_Visitor,4,False,59,1684.496667,28.074944449999997,0.0,0.00952381,25.85442016,0.0,High_Potential
6080,Jul,7,Returning_Visitor,2,False,62,1685.747985,28.09579975,0.0,0.013128205,0.0,0.0,High_Potential
6082,Jul,7,Returning_Visitor,2,False,38,2436.605534,40.61009223333333,0.0,0.035895135,27.31414742,0.0,High_Potential
6086,Jul,7,Returning_Visitor,3,False,377,11729.40804,195.490134,0.032877299,0.04524582,0.0,0.0,High_Potential
6098,Sep,9,Returning_Visitor,13,False,94,9836.068333,163.93447221666665,0.007446809,0.028191489,0.0,0.0,High_Potential
6103,Sep,9,Returning_Visitor,2,True,310,8468.339278,141.13898796666666,0.002821317,0.012414294,0.875047932,0.0,High_Potential
6109,Oct,10,Returning_Visitor,2,False,60,2580.634935,43.01058225,0.0,0.009442743,0.0,0.0,High_Potential
6120,Aug,8,Returning_Visitor,2,False,42,570.1832287,9.503053811666666,0.01,0.016547619,0.0,0.0,High_Potential
6127,Jul,7,Returning_Visitor,1,False,48,1029.170303,17.152838383333336,0.001724138,0.022131145,16.96712066,0.0,High_Potential
6131,Aug,8,Returning_Visitor,3,False,49,1023.96,17.066,0.034693878,0.057823129,0.0,0.0,High_Potential
6136,Aug,8,Returning_Visitor,1,False,158,2110.255093,35.17091821666667,0.003614458,0.009762498,0.0,0.0,High_Potential
6138,Sep,9,Returning_Visitor,2,True,54,1299.196667,21.653277783333333,0.003636364,0.022545455,0.0,0.0,High_Potential
6139,Oct,10,Returning_Visitor,13,False,83,1631.4,27.19,0.027380952,0.068650794,0.0,0.0,High_Potential
6144,Nov,11,Returning_Visitor,3,True,114,5066.6611,84.44435166666668,0.006666667,0.016180556,0.0,0.0,High_Potential
6145,Aug,8,Returning_Visitor,1,False,114,3161.074762,52.68457936666667,0.017699115,0.042576205,0.0,0.0,High_Potential
6151,Oct,10,Returning_Visitor,5,True,38,436.8583333,7.2809722216666675,0.0,0.010852713,0.0,0.0,High_Potential
6152,Jul,7,Returning_Visitor,4,False,85,2651.943186,44.1990531,0.000888889,0.01426455,0.898495409,0.0,High_Potential
6161,Aug,8,Returning_Visitor,4,False,97,2293.490129,38.22483548333333,0.011455734,0.02697054,2.209972688,0.0,High_Potential
6165,Jul,7,Returning_Visitor,3,False,486,23050.10414,384.16840233333335,0.000323719,0.011248517,0.0,0.0,High_Potential
6167,Aug,8,Returning_Visitor,4,True,110,1691.236147,28.187269116666666,0.003448276,0.019359924,19.18310758,0.0,High_Potential
6169,Sep,9,Returning_Visitor,3,False,65,6053.466667,100.89111111666666,0.005208333,0.026197917,0.0,0.0,High_Potential
6170,Jul,7,Returning_Visitor,1,True,230,6978.613711,116.31022851666667,0.015327635,0.036530714,0.0,0.0,High_Potential
6175,June,6,Returning_Visitor,3,False,53,1844.65,30.74416666666667,0.022641509,0.049595687,0.0,0.0,High_Potential
6184,Oct,10,Returning_Visitor,1,False,55,1033.65,17.227500000000003,0.017857143,0.024404762,0.0,0.0,High_Potential
6188,Jul,7,Returning_Visitor,1,False,42,2385.666667,39.76111111666667,0.003333333,0.035833333,0.0,0.0,High_Potential
6190,Sep,9,Returning_Visitor,1,True,38,1639.069361,27.317822683333336,0.02173913,0.031621722,5.287005762,0.0,High_Potential
6194,Aug,8,Returning_Visitor,1,False,139,5107.034928,85.1172488,0.01544437,0.044005026,8.304903935,0.0,High_Potential
6197,June,6,Returning_Visitor,3,False,113,1576.252222,26.270870366666667,0.003508772,0.009314954,40.08238165,0.0,High_Potential
6199,Sep,9,Returning_Visitor,13,False,91,3827.498846,63.79164743333333,0.057801418,0.072399527,0.0,0.0,High_Potential
6200,Sep,9,New_Visitor,5,False,67,860.021746,14.333695766666667,0.0,0.002083333,0.0,0.0,High_Potential
6206,Sep,9,Returning_Visitor,2,False,40,550.7095238,9.178492063333334,0.0,0.00952381,0.0,0.0,High_Potential
6210,Oct,10,Returning_Visitor,1,False,101,2611.747653,43.52912755,0.004356436,0.029287373,0.0,0.0,High_Potential
6215,June,6,Returning_Visitor,4,True,73,2260.857143,37.680952383333334,0.002666667,0.018933333,0.0,0.0,High_Potential
6219,Jul,7,Returning_Visitor,1,False,58,2007.206667,33.45344445,0.003448276,0.027298851,0.0,0.0,High_Potential
6225,Aug,8,Returning_Visitor,4,False,39,1321.853333,22.030888883333333,0.00952381,0.018253968,0.0,0.0,High_Potential
6229,Aug,8,Returning_Visitor,1,False,182,3539.944615,58.99907691666667,0.010209424,0.033524993,0.702086761,0.0,High_Potential
6240,Jul,7,Returning_Visitor,13,False,63,1345.136667,22.41894445,0.029166667,0.053287037,2.10185027,0.0,High_Potential
6248,Aug,8,Returning_Visitor,13,False,229,6984.611525,116.41019208333334,0.017126437,0.021755245,0.780905815,0.0,High_Potential
6262,Jul,7,Returning_Visitor,13,False,113,1341.632619,22.36054365,0.004804805,0.011846847,0.0,0.0,High_Potential
6278,Aug,8,Returning_Visitor,13,False,216,14577.08498,242.95141633333333,0.002739726,0.013368848,0.888485964,0.0,High_Potential
6284,Oct,10,Returning_Visitor,2,False,137,3004.628109,50.077135150000004,0.002380952,0.011750149,0.0,0.0,High_Potential
6285,Nov,11,Returning_Visitor,3,False,48,830.3142529,13.838570881666667,0.004347826,0.017619048,0.0,0.0,High_Potential
6288,Jul,7,Returning_Visitor,1,False,84,1854.915556,30.915259266666666,0.004210526,0.012385965,3.170426459,0.0,High_Potential
6295,Oct,10,Returning_Visitor,2,False,40,797.0033333,13.283388888333333,0.0,0.012539087,10.20777685,0.0,High_Potential
6296,Nov,11,Returning_Visitor,3,False,139,5286.587577,88.10979295,0.002959159,0.018209889,0.0,0.0,High_Potential
6298,Nov,11,Returning_Visitor,3,False,60,1635.466667,27.25777778333333,0.006557377,0.014754098,0.0,0.0,High_Potential
6301,Oct,10,Returning_Visitor,2,False,107,3739.635556,62.32725926666667,0.0,0.009316239,2.551140814,0.0,High_Potential
6303,Jul,7,Returning_Visitor,3,False,109,1370.127838,22.83546396666667,0.004512398,0.019698317,0.0,0.0,High_Potential
6304,Aug,8,Returning_Visitor,1,False,48,2074.401905,34.573365083333336,0.0,0.016071429,7.248757745,0.0,High_Potential
6311,Nov,11,Returning_Visitor,2,False,170,3888.278636,64.80464393333334,0.0,0.004514952,0.0,0.0,High_Potential
6322,June,6,Returning_Visitor,5,True,157,16093.30941,268.22182349999997,0.007903295,0.027247449,2.051882078,0.0,High_Potential
6325,Oct,10,Returning_Visitor,4,False,39,1324.85,22.08083333333333,0.0,0.01627907,0.0,0.0,High_Potential
6326,Jul,7,Returning_Visitor,1,False,79,1854.26,30.904333333333334,0.039,0.06880303,2.852036737,0.0,High_Potential
6330,June,6,Returning_Visitor,2,True,103,1843.759347,30.729322449999998,0.0,0.019613005,0.0,0.0,High_Potential
6335,Sep,9,Returning_Visitor,1,False,202,13842.45833,230.70763883333333,0.01804878,0.050155633,0.0,0.0,High_Potential
6336,Aug,8,Returning_Visitor,2,False,72,2101.467925,35.024465416666665,0.006140351,0.029986961,0.0,0.0,High_Potential
6340,June,6,Returning_Visitor,2,False,76,1308.573395,21.809556583333332,0.032611502,0.054407935,0.0,0.0,High_Potential
6355,Sep,9,Returning_Visitor,4,False,62,2032.39696,33.87328266666667,0.005230769,0.01881429,0.0,0.0,High_Potential
6364,Jul,7,Returning_Visitor,1,True,71,1722.721127,28.712018783333335,0.005555556,0.034027778,0.0,0.0,High_Potential
6367,Jul,7,Returning_Visitor,4,False,39,589.2510658,9.820851096666667,0.001282051,0.010133221,0.0,0.0,High_Potential
6377,Sep,9,Returning_Visitor,1,False,47,1423.0,23.716666666666665,0.004347826,0.013768116,0.0,0.0,High_Potential
6379,Aug,8,Returning_Visitor,1,True,74,1294.405,21.573416666666667,0.002666667,0.010666667,0.0,0.0,High_Potential
6389,Jul,7,Returning_Visitor,3,False,151,4249.12,70.81866666666666,0.013402778,0.041166667,5.88595629,0.0,High_Potential
6390,June,6,Returning_Visitor,3,False,62,944.4055556,15.740092593333333,0.0,0.015591398,0.0,0.0,High_Potential
6400,Oct,10,Returning_Visitor,3,False,47,1459.576667,24.326277783333335,0.010416667,0.017638889,0.0,0.0,High_Potential
6401,June,6,Returning_Visitor,1,False,84,3528.69125,58.81152083333333,0.01577381,0.039900794,0.0,0.0,High_Potential
6407,June,6,Returning_Visitor,1,False,49,1463.48,24.391333333333332,0.004081633,0.015646259,24.68624612,0.0,High_Potential
6408,Jul,7,Returning_Visitor,3,True,38,585.37,9.756166666666667,0.017948718,0.033333333,0.0,0.0,High_Potential
6413,Sep,9,Returning_Visitor,2,True,80,1249.048358,20.817472633333335,0.003571429,0.013743735,8.517221252,0.0,High_Potential
6421,Sep,9,Returning_Visitor,1,False,102,6684.520952,111.40868253333333,0.002181818,0.017363636,4.215363542,0.0,High_Potential
6425,Oct,10,Returning_Visitor,3,False,54,1256.293333,20.938222216666666,0.010344828,0.014367816,0.0,0.0,High_Potential
6443,Jul,7,Returning_Visitor,2,True,97,4318.668082,71.97780136666667,0.002520046,0.013784185,0.0,0.0,High_Potential
6444,Oct,10,Returning_Visitor,2,False,274,5876.459165,97.94098608333334,0.002431163,0.013240553,0.0,0.0,High_Potential
6454,Oct,10,Returning_Visitor,2,False,221,3111.362121,51.85603535,0.0,0.006020558,5.268190163,0.0,High_Potential
6462,Oct,10,Returning_Visitor,1,False,109,3297.491311,54.958188516666674,0.006140351,0.010281148,3.870588042,0.0,High_Potential
6464,Sep,9,Returning_Visitor,1,False,52,1761.156667,29.352611116666665,0.003703704,0.018312757,0.0,0.0,High_Potential
6473,Sep,9,Returning_Visitor,6,False,162,6117.814359,101.96357265,0.0,0.003964551,22.36033441,0.0,High_Potential
6474,Sep,9,Returning_Visitor,2,False,90,8024.509197,133.74181995,0.008247423,0.032048254,10.31930868,0.0,High_Potential
6479,Nov,11,Returning_Visitor,4,False,47,1101.803333,18.363388883333336,0.0,0.002721088,4.406578162,0.0,High_Potential
6488,Oct,10,Returning_Visitor,3,False,110,10278.90421,171.3150701666667,0.0128,0.02480939,14.4030575,0.0,High_Potential
6490,June,6,Returning_Visitor,4,False,123,3886.823333,64.78038888333333,0.002090592,0.015563298,0.0,0.0,High_Potential
6503,Sep,9,Returning_Visitor,1,False,83,1543.423333,25.723722216666665,0.02804878,0.057723577,10.15253138,0.0,High_Potential
6511,Sep,9,Returning_Visitor,1,True,130,4994.848002,83.24746669999999,0.019799499,0.036825949,0.0,0.0,High_Potential
6513,Nov,11,Returning_Visitor,1,False,53,1572.816667,26.213611116666666,0.007017544,0.024948268,0.0,0.0,High_Potential
6517,Aug,8,Returning_Visitor,4,True,59,458.61,7.6435,0.006779661,0.007605389,0.0,0.0,High_Potential
6519,Sep,9,Returning_Visitor,3,False,135,7091.697778,118.19496296666667,0.019259259,0.037964727,0.0,0.0,High_Potential
6525,Sep,9,Returning_Visitor,1,False,46,1376.3,22.938333333333333,0.008163265,0.03537415,6.012671082,0.0,High_Potential
6534,Aug,8,Returning_Visitor,1,False,113,3282.583983,54.70973305,0.007377049,0.016691039,45.55270796,0.0,High_Potential
6540,Aug,8,Returning_Visitor,3,False,44,2149.190195,35.819836583333334,0.02705314,0.048201119,0.0,0.0,High_Potential
6543,Sep,9,Returning_Visitor,1,False,39,794.7131148,13.24521858,0.032954545,0.056528671,0.0,0.0,High_Potential
6548,Aug,8,Returning_Visitor,3,True,60,1516.73,25.278833333333335,0.007936508,0.01982092,0.0,0.0,High_Potential
6549,June,6,Returning_Visitor,13,False,42,1713.21619,28.55360316666667,0.062222222,0.090962963,3.16569129,0.0,High_Potential
6550,Aug,8,Returning_Visitor,13,False,211,7442.388149,124.03980248333333,0.012735849,0.028901336,0.0,0.0,High_Potential
6552,Aug,8,Returning_Visitor,2,False,42,922.3,15.371666666666666,0.019047619,0.034920635,0.0,0.0,High_Potential
6554,June,6,Returning_Visitor,1,False,68,2889.946154,48.165769233333336,0.002898551,0.008789401,0.0,0.0,High_Potential
6557,Sep,9,Returning_Visitor,1,False,87,3898.816667,64.98027778333334,0.0,0.00411985,0.0,0.0,High_Potential
6559,Oct,10,Returning_Visitor,13,False,227,3818.308629,63.63847715,0.007264957,0.018863427,0.154821253,0.0,High_Potential
6565,June,6,Returning_Visitor,1,False,41,1678.4,27.973333333333336,0.031060606,0.046893939,0.0,0.0,High_Potential
6566,Sep,9,Returning_Visitor,4,False,50,1388.052366,23.134206099999997,0.008611111,0.02038584,18.19675574,0.0,High_Potential
6574,Aug,8,Returning_Visitor,1,False,86,5332.547778,88.8757963,0.013882353,0.0654082,0.0,0.0,High_Potential
6579,Jul,7,Returning_Visitor,13,False,45,1096.42,18.273666666666667,0.041945289,0.072659574,0.0,0.0,High_Potential
6581,Oct,10,Returning_Visitor,2,False,42,2084.479524,34.7413254,0.004761905,0.014920635,0.0,0.0,High_Potential
6584,Jul,7,Returning_Visitor,1,False,70,1438.71,23.9785,0.011351351,0.033766459,0.0,0.0,High_Potential
6585,Oct,10,Returning_Visitor,4,True,159,2184.484938,36.408082300000004,0.001851852,0.005588342,0.0,0.0,High_Potential
6588,Jul,7,Returning_Visitor,3,False,44,1535.666667,25.59444445,0.012765957,0.014184397,17.21022568,0.0,High_Potential
6590,Oct,10,New_Visitor,5,False,44,531.72,8.862,0.0,0.003921569,0.0,0.0,High_Potential
6591,June,6,Returning_Visitor,1,False,46,1805.146667,30.085777783333334,0.012244898,0.02122449,0.0,0.0,High_Potential
6592,Oct,10,Returning_Visitor,4,False,115,5284.816825,88.08028041666667,0.0,0.002849003,0.0,0.0,High_Potential
6596,Oct,10,Returning_Visitor,1,False,162,5721.800123,95.36333538333334,0.001142857,0.009090249,17.79812649,0.0,High_Potential
6601,Aug,8,Returning_Visitor,1,True,168,4948.398759,82.47331265,0.006631763,0.013527508,10.15064372,0.0,High_Potential
6602,Jul,7,Returning_Visitor,13,False,59,3296.55,54.9425,0.006666667,0.0265,0.0,0.0,High_Potential
6603,Jul,7,Returning_Visitor,3,False,161,7263.957157,121.06595261666666,0.003592814,0.007729114,3.104019139,0.0,High_Potential
6607,June,6,Returning_Visitor,2,False,107,3173.210417,52.88684028333333,0.003138528,0.00912201,5.866248908,0.0,High_Potential
6622,Oct,10,Returning_Visitor,1,False,42,2197.0,36.61666666666667,0.0,0.013636364,0.0,0.0,High_Potential
6638,Sep,9,Returning_Visitor,2,False,72,1933.559259,32.22598765,0.005333333,0.026377261,7.806338478,0.0,High_Potential
6644,Sep,9,Returning_Visitor,2,False,67,1784.755219,29.745920316666666,0.000352113,0.001928521,0.384720286,0.0,High_Potential
6653,June,6,Returning_Visitor,3,False,41,747.9077778,12.46512963,0.027526132,0.048583043,0.0,0.0,High_Potential
6654,Sep,9,Returning_Visitor,4,True,140,2810.797158,46.8466193,0.001909722,0.016226074,0.0,0.0,High_Potential
6662,Aug,8,Returning_Visitor,1,True,40,589.5,9.825,0.018333333,0.034416667,0.0,0.0,High_Potential
6671,Sep,9,Returning_Visitor,2,True,57,1720.444748,28.674079133333333,0.000980392,0.007866316,3.801048407,0.0,High_Potential
6674,Sep,9,Returning_Visitor,1,False,429,9661.585763,161.02642938333332,0.00304414,0.012547206,3.459384236,0.0,High_Potential
6675,Nov,11,Returning_Visitor,20,False,39,639.4933333,10.658222221666668,0.0,0.005,0.0,0.0,High_Potential
6676,Oct,10,Returning_Visitor,2,True,65,934.8704274,15.581173790000001,0.008080808,0.036336088,0.0,0.0,High_Potential
6677,Jul,7,Returning_Visitor,3,False,54,3371.05,56.18416666666667,0.003773585,0.022012579,0.0,0.0,High_Potential
6680,Aug,8,Returning_Visitor,4,False,63,3908.754762,65.1459127,0.0,0.001587302,1.298232174,0.0,High_Potential
6681,Sep,9,Returning_Visitor,2,False,44,868.1636364,14.46939394,0.0,0.036803966,9.550627398,0.0,High_Potential
6684,Aug,8,Returning_Visitor,1,False,686,23342.08205,389.0347008333334,0.009853301,0.022771363,0.150650498,0.0,High_Potential
6689,Oct,10,Returning_Visitor,1,False,136,5944.387373,99.07312288333333,0.011252599,0.031851593,2.045137389,0.0,High_Potential
6695,Jul,7,Returning_Visitor,1,False,92,2451.346667,40.85577778333333,0.007692308,0.021318681,0.0,0.0,High_Potential
6697,Aug,8,Returning_Visitor,4,False,62,1918.966667,31.982777783333333,0.01031746,0.022246642,0.0,0.0,High_Potential
6698,Nov,11,Returning_Visitor,1,False,43,763.6614286,12.727690476666668,0.004545455,0.021212121,0.0,0.0,High_Potential
6703,Aug,8,Returning_Visitor,3,False,39,1003.38,16.723,0.068292683,0.08699187,0.0,0.0,High_Potential
6705,Jul,7,Returning_Visitor,13,False,91,4157.633333,69.29388888333332,0.01,0.028013468,0.0,0.0,High_Potential
6706,Aug,8,Returning_Visitor,2,False,47,830.3411669,13.839019448333334,0.004421769,0.028456454,0.0,0.0,High_Potential
6708,Aug,8,Returning_Visitor,1,False,120,2872.719031,47.87865051666667,0.000226757,0.011948854,5.915342917,0.0,High_Potential
6710,Oct,10,Returning_Visitor,2,False,39,2237.775,37.29625,0.004761905,0.012857143,26.41021956,0.0,High_Potential
6713,June,6,Returning_Visitor,13,False,77,999.0133333,16.650222221666667,0.013636364,0.026893939,5.292014182,0.0,High_Potential
6716,June,6,Returning_Visitor,13,True,71,1057.2,17.62,0.122222222,0.129580026,0.0,0.0,High_Potential
6719,Nov,11,Returning_Visitor,4,False,53,3271.030448,54.517174133333334,0.0,0.005527012,13.78150822,0.0,High_Potential
6723,Nov,11,New_Visitor,2,False,39,1858.566667,30.97611111666667,0.0,0.002564103,0.0,0.0,High_Potential
6727,Jul,7,Returning_Visitor,1,False,89,2577.960349,42.966005816666666,0.012852234,0.03729051,0.0,0.0,High_Potential
6729,Aug,8,New_Visitor,2,False,38,3872.716667,64.54527778333333,0.0,0.002702703,0.0,0.0,High_Potential
6733,Sep,9,Returning_Visitor,1,False,84,8365.602222,139.4267037,0.008914729,0.037209302,0.0,0.0,High_Potential
6741,Jul,7,Returning_Visitor,2,False,167,3890.865924,64.8477654,0.002339181,0.009653998,0.0,0.0,High_Potential
6744,June,6,Returning_Visitor,1,False,87,1764.180047,29.403000783333333,0.007007576,0.032261103,0.0,0.0,High_Potential
6748,Oct,10,Returning_Visitor,1,False,47,3633.953333,60.56588888333333,0.00130719,0.017287582,16.14887273,0.0,High_Potential
6750,Oct,10,Returning_Visitor,1,False,47,1299.833333,21.663888883333335,0.008333333,0.032638889,0.0,0.0,High_Potential
6752,Sep,9,Returning_Visitor,1,False,130,3507.365152,58.45608586666666,0.022807018,0.042471564,0.0,0.0,High_Potential
6756,Aug,8,Returning_Visitor,3,True,92,2668.712121,44.47853535,0.018556202,0.047858483,0.0,0.0,High_Potential
6757,Nov,11,Returning_Visitor,2,True,85,3684.855282,61.4142547,0.000934579,0.009959744,34.45943549,0.0,High_Potential
6762,June,6,Returning_Visitor,5,False,98,12449.9,207.49833333333333,0.002291667,0.031102504,0.0,0.0,High_Potential
6769,Oct,10,Returning_Visitor,2,False,41,1194.988132,19.916468866666666,0.0,0.018043478,10.25950957,0.0,High_Potential
6770,Nov,11,Returning_Visitor,2,False,149,8147.111565,135.78519275,0.011111111,0.050691712,0.0,0.0,High_Potential
6776,June,6,Returning_Visitor,2,True,88,1568.533333,26.142222216666667,0.0,0.005128205,0.0,0.0,High_Potential
6777,June,6,Returning_Visitor,13,False,67,1553.696667,25.89494445,0.008571429,0.019047619,0.68291229,0.0,High_Potential
6779,Sep,9,Returning_Visitor,2,False,102,3025.290325,50.42150541666667,0.014102564,0.019800052,11.43180835,0.0,High_Potential
6787,Oct,10,Returning_Visitor,2,False,518,11976.72135,199.6120225,3.83e-05,0.003837261,0.0,0.0,High_Potential
6796,Aug,8,New_Visitor,4,True,55,872.5916667,14.543194445000001,0.0,0.001212121,0.0,0.0,High_Potential
6797,Nov,11,Returning_Visitor,2,False,256,13453.25103,224.22085049999998,0.0,0.003240964,0.0,0.0,High_Potential
6803,Aug,8,Returning_Visitor,3,False,62,1846.666667,30.77777778333333,0.006060606,0.018939394,0.0,0.0,High_Potential
6804,Aug,8,Returning_Visitor,2,False,40,526.6853968,8.778089946666666,0.015609756,0.020412311,2.321264079,0.0,High_Potential
6817,Aug,8,New_Visitor,2,True,47,906.1166667,15.101944444999999,0.0,0.002614379,0.0,0.0,High_Potential
6819,June,6,Returning_Visitor,3,False,258,3637.985674,60.633094566666664,0.00078125,0.008679315,0.0,0.0,High_Potential
6820,June,6,Returning_Visitor,3,False,255,8467.584379,141.12640631666667,0.017351104,0.025016422,0.685335799,0.0,High_Potential
6824,Jul,7,Returning_Visitor,3,False,111,3276.190541,54.60317568333333,0.0088,0.011027644,0.447038663,0.0,High_Potential
6831,Aug,8,Returning_Visitor,4,False,67,3523.331111,58.72218518333333,0.002666667,0.012088889,22.2931906,0.0,High_Potential
6832,Jul,7,Returning_Visitor,13,False,45,1387.267857,23.12113095,0.036507937,0.059221273,0.0,0.0,High_Potential
6834,Oct,10,Returning_Visitor,1,False,95,2772.278333,46.20463888333334,0.024722222,0.030104167,0.0,0.0,High_Potential
6836,Sep,9,Returning_Visitor,1,False,84,4941.698611,82.36164351666666,0.017647059,0.038705882,0.0,0.0,High_Potential
6838,June,6,Returning_Visitor,1,False,56,1775.89,29.598166666666668,0.0,0.025520833,4.365181293,0.0,High_Potential
6845,June,6,Returning_Visitor,13,False,72,2163.569524,36.059492066666664,0.015492958,0.032253521,4.286743658,0.0,High_Potential
6848,June,6,Returning_Visitor,3,False,49,1088.636905,18.143948416666667,0.015456989,0.029589443,0.0,0.0,High_Potential
6851,June,6,Returning_Visitor,3,False,43,367.8166667,6.130277778333333,0.043181818,0.078787879,0.0,0.0,High_Potential
6855,Jul,7,Returning_Visitor,7,False,59,2050.292399,34.17153998333333,0.010055755,0.022337803,0.0,0.0,High_Potential
6858,Jul,7,Returning_Visitor,1,False,97,1643.365907,27.389431783333336,0.005666667,0.015870587,24.21760276,0.0,High_Potential
6860,Aug,8,Returning_Visitor,4,False,85,1813.753466,30.229224433333332,0.0,0.005699436,0.858361456,0.0,High_Potential
6862,Jul,7,Returning_Visitor,1,False,198,8006.695205,133.44492008333333,0.002722772,0.01852759,0.0,0.0,High_Potential
6866,Nov,11,Returning_Visitor,2,False,46,3043.916667,50.73194445,0.030434783,0.05,0.0,0.0,High_Potential
6868,Nov,11,Returning_Visitor,1,False,86,3908.03349,65.13389149999999,0.015178571,0.023856289,5.659271218,0.0,High_Potential
6870,Oct,10,Returning_Visitor,1,False,80,1242.063095,20.70105158333333,0.004545455,0.020707071,0.0,0.0,High_Potential
6873,Jul,7,Returning_Visitor,1,False,41,1921.10307,32.018384499999996,0.014074074,0.032987654,5.290262526,0.0,High_Potential
6874,Jul,7,Returning_Visitor,1,True,53,952.1598198,15.86933033,0.015839126,0.037802052,0.0,0.0,High_Potential
6876,Sep,9,Returning_Visitor,13,False,81,1839.13,30.65216666666667,0.01468254,0.018380231,0.0,0.0,High_Potential
6883,Oct,10,Returning_Visitor,3,True,86,2806.846825,46.780780416666666,0.001532567,0.004061303,0.0,0.0,High_Potential
6885,Aug,8,Returning_Visitor,13,False,125,3674.803673,61.24672788333333,0.023134328,0.032705748,5.613708292,0.0,High_Potential
6886,Aug,8,Returning_Visitor,1,False,53,1692.694155,28.21156925,0.012068966,0.022197723,0.0,0.0,High_Potential
6889,Jul,7,Returning_Visitor,5,False,45,649.8632035,10.831053391666668,0.006122449,0.02755102,0.0,0.0,High_Potential
6891,Jul,7,Returning_Visitor,6,False,69,2183.007024,36.3834504,0.008552632,0.032956586,0.0,0.0,High_Potential
6893,Oct,10,Returning_Visitor,2,False,57,2791.060635,46.51767725,0.0,0.006917563,13.09195948,0.0,High_Potential
6898,Aug,8,Returning_Visitor,3,False,68,4100.255455,68.33759091666667,0.007631579,0.025614035,18.42740587,0.0,High_Potential
6905,Jul,7,Returning_Visitor,4,False,75,2549.529127,42.49215211666667,0.011818182,0.047380485,0.0,0.0,High_Potential
6910,Sep,9,Returning_Visitor,1,False,91,1596.412698,26.6068783,0.001098901,0.007912088,33.61787649,0.0,High_Potential
6912,Jul,7,Returning_Visitor,1,False,70,2094.138889,34.90231481666667,0.023611111,0.05224537,0.0,0.0,High_Potential
6918,Oct,10,Returning_Visitor,3,False,80,5046.056667,84.10094445,0.011084337,0.025771658,0.579785745,0.0,High_Potential
6921,Oct,10,Returning_Visitor,1,False,57,1475.608427,24.59347378333333,0.01641791,0.030868963,10.45977002,0.0,High_Potential
6926,Sep,9,Returning_Visitor,13,False,39,706.2,11.770000000000001,0.074774775,0.09009009,0.0,0.0,High_Potential
6928,Aug,8,Returning_Visitor,1,False,48,1510.383333,25.17305555,0.008510638,0.030927052,16.61211742,0.0,High_Potential
6930,Oct,10,Returning_Visitor,3,False,88,3634.585714,60.576428566666664,0.00556391,0.035701754,1.435224011,0.0,High_Potential
6931,Jul,7,Returning_Visitor,4,False,64,1298.20326,21.636721,0.003125,0.017573302,0.0,0.0,High_Potential
6934,Jul,7,Returning_Visitor,1,False,95,3715.777564,61.929626066666664,0.01010101,0.011851852,0.0,0.0,High_Potential
6936,Jul,7,Returning_Visitor,1,False,168,4316.262171,71.93770285000001,0.003575419,0.018670927,11.71746761,0.0,High_Potential
6941,June,6,Returning_Visitor,4,False,133,10338.67177,172.3111961666667,0.00027604,0.017657266,22.97507587,0.0,High_Potential
6948,Nov,11,Returning_Visitor,1,False,63,5245.277619,87.42129365000001,0.002739726,0.020091324,0.0,0.0,High_Potential
6952,Aug,8,Returning_Visitor,2,False,60,2072.605556,34.54342593333333,0.013793103,0.016833856,0.0,0.0,High_Potential
6956,Aug,8,Returning_Visitor,2,False,160,2006.59312,33.44321866666667,0.002453988,0.013361447,9.453449065,0.0,High_Potential
6959,Oct,10,Returning_Visitor,2,True,103,2091.037588,34.85062646666667,0.007894737,0.028165804,7.224419132,0.0,High_Potential
6961,Sep,9,Returning_Visitor,3,False,87,4131.156044,68.85260073333333,0.006593407,0.037080939,0.0,0.0,High_Potential
6964,Oct,10,Returning_Visitor,3,False,69,3051.525518,50.85875863333333,0.000714286,0.016949586,0.0,0.0,High_Potential
6967,Nov,11,New_Visitor,20,False,42,906.2333333,15.103888888333334,0.0,0.006976744,0.0,0.0,High_Potential
6969,Oct,10,Returning_Visitor,2,False,79,1828.884048,30.4814008,0.0,0.01252331,5.329743627,0.0,High_Potential
6979,Aug,8,Returning_Visitor,1,False,54,2802.367821,46.706130349999995,0.009289968,0.025442703,16.96885494,0.0,High_Potential
6980,June,6,Returning_Visitor,3,False,39,1429.501111,23.825018516666667,0.005263158,0.018947368,0.0,0.0,High_Potential
6986,Jul,7,Returning_Visitor,20,False,63,2593.808333,43.23013888333333,0.036507937,0.066666667,0.0,0.0,High_Potential
6992,June,6,Returning_Visitor,1,False,358,9760.690488,162.6781748,0.000830955,0.004094211,0.0,0.0,High_Potential
6997,Jul,7,Returning_Visitor,3,False,91,6418.819048,106.98031746666668,0.018181818,0.046632997,13.83791777,0.0,High_Potential
7007,Sep,9,Returning_Visitor,2,False,39,1110.966667,18.516111116666664,0.004255319,0.010992908,112.4406212,0.0,High_Potential
7009,Jul,7,Returning_Visitor,13,False,55,2846.295305,47.43825508333334,0.010344828,0.028962492,0.0,0.0,High_Potential
7013,Oct,10,Returning_Visitor,1,False,72,3220.887143,53.68145238333333,0.024937343,0.061688596,0.975803268,0.0,High_Potential
7015,Oct,10,Returning_Visitor,1,False,44,1100.789082,18.3464847,0.008510638,0.018561297,0.0,0.0,High_Potential
7020,Oct,10,Returning_Visitor,2,False,43,811.3809524,13.523015873333332,0.006122449,0.026328773,14.92797811,0.0,High_Potential
7024,Jul,7,Returning_Visitor,1,True,66,1364.873333,22.747888883333335,0.0171875,0.036488095,16.1347001,0.0,High_Potential
7025,Jul,7,Returning_Visitor,3,True,43,778.6437229,12.977395381666666,0.010232558,0.023197087,0.0,0.0,High_Potential
7035,Sep,9,Returning_Visitor,2,False,58,1076.073649,17.934560816666664,0.0,0.022653941,1.81635021,0.0,High_Potential
7036,Aug,8,Returning_Visitor,4,False,90,1816.555008,30.2759168,0.0,0.004861111,86.31034266,0.0,High_Potential
7039,Aug,8,Returning_Visitor,1,True,191,3677.258176,61.28763626666667,0.009105691,0.024303938,0.0,0.0,High_Potential
7050,Nov,11,Returning_Visitor,1,True,47,1475.366667,24.58944445,0.010638298,0.02674772,0.0,0.0,High_Potential
7063,Sep,9,Returning_Visitor,1,False,282,4339.924841,72.33208068333333,0.002040816,0.011461095,2.395283135,0.0,High_Potential
7064,Jul,7,Returning_Visitor,1,False,128,2787.692619,46.461543649999996,0.003125,0.014175592,0.0,0.0,High_Potential
7068,Sep,9,Returning_Visitor,2,False,71,3044.356667,50.739277783333335,0.0,0.013380282,0.0,0.0,High_Potential
7073,June,6,Returning_Visitor,2,False,193,5946.275777,99.10459628333334,0.0,0.008886586,9.836180753,0.0,High_Potential
7075,Sep,9,Returning_Visitor,1,False,64,3038.38,50.63966666666667,0.017534722,0.038333333,0.0,0.0,High_Potential
7079,Sep,9,Returning_Visitor,1,False,39,2251.116667,37.51861111666666,0.006818182,0.020887446,0.0,0.0,High_Potential
7086,Jul,7,Returning_Visitor,3,False,52,591.1542063,9.852570105000002,0.0,0.011448413,8.052496178,0.0,High_Potential
7090,Aug,8,Returning_Visitor,4,False,76,1464.209618,24.403493633333333,0.009803094,0.01785746,0.0,0.0,High_Potential
7091,Sep,9,New_Visitor,3,False,45,1372.875238,22.88125396666667,0.004166667,0.00625,0.0,0.0,High_Potential
7094,Aug,8,Returning_Visitor,5,False,111,4022.812148,67.04686913333333,0.003571429,0.012351425,0.0,0.0,High_Potential
7099,Sep,9,Returning_Visitor,1,False,62,1875.103333,31.251722216666668,0.003278689,0.027868852,12.71367924,0.0,High_Potential
7105,Nov,11,Returning_Visitor,1,False,74,1146.469048,19.107817466666667,0.021621622,0.031306306,0.408238132,0.0,High_Potential
7107,Sep,9,Returning_Visitor,1,False,52,1218.1,20.301666666666666,0.001282051,0.030448718,0.0,0.0,High_Potential
7109,Aug,8,New_Visitor,2,False,45,580.9357143,9.682261904999999,0.004444444,0.005,0.0,0.0,High_Potential
7111,Aug,8,Returning_Visitor,3,False,54,2593.1,43.218333333333334,0.018181818,0.039393939,0.0,0.0,High_Potential
7116,Jul,7,Returning_Visitor,3,False,57,2163.96,36.066,0.039285714,0.061313776,0.0,0.0,High_Potential
7121,June,6,Returning_Visitor,2,False,123,2396.272456,39.93787426666667,0.000902151,0.008565782,1.952553388,0.0,High_Potential
7122,Aug,8,Returning_Visitor,13,False,74,1903.45,31.72416666666667,0.005,0.019107143,0.0,0.0,High_Potential
7128,Oct,10,Returning_Visitor,13,False,85,6743.39876,112.38997933333333,0.013768116,0.033907028,0.0,0.0,High_Potential
7129,Nov,11,Returning_Visitor,2,False,39,1526.213333,25.43688888333333,0.004651163,0.014728682,0.0,0.0,High_Potential
7132,Jul,7,Returning_Visitor,2,False,47,1153.54,19.225666666666665,0.003140097,0.039979296,0.0,0.0,High_Potential
7133,Nov,11,Returning_Visitor,6,False,71,1096.876822,18.281280366666667,0.0,0.003014129,0.0,0.0,High_Potential
7143,Oct,10,Returning_Visitor,2,True,79,1193.517172,19.891952866666667,0.0,0.002821869,0.0,0.0,High_Potential
7145,Jul,7,Returning_Visitor,13,False,155,2374.966713,39.58277854999999,0.025906525,0.039077841,0.0,0.0,High_Potential
7146,Oct,10,Returning_Visitor,2,False,54,784.7342857,13.078904761666667,0.004511278,0.018114342,0.0,0.0,High_Potential
7149,Nov,11,Returning_Visitor,1,False,38,1057.033333,17.61722221666667,0.030769231,0.05,0.0,0.0,High_Potential
7150,Oct,10,Returning_Visitor,4,False,62,2021.747727,33.69579545,0.003076923,0.015641026,0.0,0.0,High_Potential
7162,Nov,11,Returning_Visitor,1,False,38,813.6016667,13.560027778333334,0.004878049,0.037398374,0.0,0.0,High_Potential
7164,Aug,8,Returning_Visitor,4,True,117,1953.537512,32.55895853333333,0.002892562,0.007295031,2.767055125,0.0,High_Potential
7168,Nov,11,Returning_Visitor,2,False,47,1975.125,32.91875,0.003636364,0.015186147,0.0,0.0,High_Potential
7169,Aug,8,Returning_Visitor,3,True,42,651.665,10.861083333333333,0.028787879,0.060270563,0.0,0.0,High_Potential
7171,Aug,8,Returning_Visitor,1,False,60,1063.666667,17.727777783333334,0.014166667,0.049722222,0.0,0.0,High_Potential
7177,June,6,Returning_Visitor,3,False,138,6440.235256,107.33725426666666,0.001891253,0.027316655,0.0,0.0,High_Potential
7182,Oct,10,Returning_Visitor,2,False,45,6707.54,111.79233333333333,0.011363636,0.019859307,4.023323663,0.0,High_Potential
7188,June,6,Returning_Visitor,3,False,38,938.9333333,15.648888888333333,0.039473684,0.06622807,0.0,0.0,High_Potential
7197,Sep,9,Returning_Visitor,13,False,98,3364.64045,56.07734083333333,0.029570957,0.034691241,35.03953094,0.0,High_Potential
7199,Aug,8,Returning_Visitor,2,False,48,476.3600939,7.939334898333333,0.000694444,0.028639403,0.0,0.0,High_Potential
7200,Oct,10,Returning_Visitor,3,True,59,1720.422222,28.673703699999997,0.026984127,0.038231522,0.0,0.0,High_Potential
7206,Sep,9,Returning_Visitor,13,False,96,4162.538005,69.37563341666667,0.012378641,0.025287479,3.582981195,0.0,High_Potential
7215,Sep,9,Returning_Visitor,1,True,77,1690.489222,28.174820366666665,0.011842105,0.027846816,0.0,0.0,High_Potential
7218,Sep,9,Returning_Visitor,4,True,66,1203.817143,20.06361905,0.0015625,0.004166667,0.0,0.0,High_Potential
7221,June,6,Returning_Visitor,2,False,41,1083.716667,18.06194445,0.0,0.006666667,0.0,0.0,High_Potential
7224,Sep,9,Returning_Visitor,2,False,60,1994.023778,33.23372963333333,0.022153846,0.037014927,0.0,0.0,High_Potential
7232,Sep,9,Returning_Visitor,4,False,39,794.16,13.235999999999999,0.0,0.012820513,0.0,0.0,High_Potential
7235,Oct,10,Returning_Visitor,2,False,53,2387.596667,39.79327778333333,0.0,0.007692308,0.0,0.0,High_Potential
7236,Sep,9,Returning_Visitor,2,False,55,3987.386667,66.45644445,0.005357143,0.011607143,0.0,0.0,High_Potential
7239,Aug,8,Returning_Visitor,3,False,85,1558.529048,25.975484133333335,0.006024096,0.024257028,0.0,0.0,High_Potential
7240,Oct,10,Returning_Visitor,2,True,146,2650.780526,44.17967543333334,0.0,0.011184211,0.0,0.0,High_Potential
7243,Aug,8,New_Visitor,2,True,109,1926.701905,32.11169841666666,0.0,0.000262123,0.0,0.0,High_Potential
7245,Oct,10,Returning_Visitor,4,True,93,2087.64987,34.7941645,0.013829787,0.023551165,0.0,0.0,High_Potential
7262,Jul,7,Returning_Visitor,4,False,39,1348.45,22.47416666666667,0.01025641,0.02039072,0.0,0.0,High_Potential
7272,Oct,10,Returning_Visitor,1,False,61,2362.724563,39.37874271666667,0.005615082,0.024507322,27.61615655,0.0,High_Potential
7282,Sep,9,Returning_Visitor,1,False,40,1296.916144,21.615269066666666,0.0,0.022634921,1.342134935,0.0,High_Potential
7286,Sep,9,Returning_Visitor,3,True,71,3287.216667,54.78694445,0.031506849,0.055342466,0.0,0.0,High_Potential
7290,June,6,Returning_Visitor,3,False,179,11492.20838,191.53680633333335,0.020689931,0.028728531,0.0,0.0,High_Potential
7292,Oct,10,Returning_Visitor,3,True,246,9227.371429,153.78952381666667,0.006425703,0.024959839,0.0,0.0,High_Potential
7296,Jul,7,Returning_Visitor,3,False,66,2061.926508,34.3654418,0.013235294,0.014202682,0.0,0.0,High_Potential
7301,Nov,11,Returning_Visitor,4,False,73,1077.511667,17.958527783333334,0.0,0.005833333,0.0,0.0,High_Potential
7304,Sep,9,Returning_Visitor,2,True,62,5556.932698,92.61554496666666,0.0,0.020625,4.964521194,0.0,High_Potential
7307,Aug,8,Returning_Visitor,2,False,62,1340.676667,22.344611116666666,0.000391389,0.019726027,17.42324027,0.0,High_Potential
7312,June,6,Returning_Visitor,2,True,39,1706.119697,28.435328283333334,0.010365854,0.030371661,5.251288882,0.0,High_Potential
7314,Nov,11,Returning_Visitor,13,False,73,2693.963452,44.899390866666664,0.0,0.001298701,0.0,0.0,High_Potential
7315,Oct,10,Returning_Visitor,1,False,81,6847.936896,114.1322816,0.015227273,0.022982896,5.046329077,0.0,High_Potential
7324,Jul,7,Returning_Visitor,3,False,42,1369.7,22.828333333333333,0.0,0.01969697,11.33037122,0.0,High_Potential
7326,Sep,9,Returning_Visitor,1,False,86,2554.562381,42.576039683333335,0.023255814,0.041100372,0.0,0.0,High_Potential
7327,Nov,11,Returning_Visitor,3,False,56,1430.208205,23.836803416666665,0.02,0.030388889,0.0,0.0,High_Potential
7333,Sep,9,Returning_Visitor,1,False,40,1161.9,19.365000000000002,0.055,0.08,0.0,0.0,High_Potential
7338,Jul,7,Returning_Visitor,1,False,38,937.8075758,15.630126263333333,0.01025641,0.039316239,0.0,0.0,High_Potential
7340,Oct,10,Returning_Visitor,2,True,81,1719.375714,28.6562619,0.004494382,0.009737828,6.49444108,0.0,High_Potential
7341,Oct,10,Returning_Visitor,2,False,53,1696.567619,28.27612698333333,0.003508772,0.017602339,0.0,0.0,High_Potential
7343,Oct,10,Returning_Visitor,4,False,60,2686.402922,44.773382033333334,0.016666667,0.022713675,0.0,0.0,High_Potential
7345,Oct,10,Returning_Visitor,2,True,42,2017.520714,33.625345233333334,0.0,0.023696145,0.0,0.0,High_Potential
7349,Aug,8,Returning_Visitor,1,False,67,1207.653333,20.12755555,0.020833333,0.047826279,0.0,0.0,High_Potential
7362,Oct,10,Returning_Visitor,1,False,97,2865.817778,47.76362963333334,0.009345794,0.024205607,0.0,0.0,High_Potential
7370,Nov,11,Returning_Visitor,13,False,138,4031.561667,67.19269445,0.002857143,0.010238095,0.0,0.0,High_Potential
7377,Aug,8,Returning_Visitor,1,False,109,2110.422354,35.173705899999995,0.005177873,0.014936612,2.491316021,0.0,High_Potential
7382,Sep,9,Returning_Visitor,13,False,78,2063.642844,34.3940474,0.007407407,0.011934156,0.0,0.0,High_Potential
7384,Oct,10,Returning_Visitor,4,False,71,1683.744444,28.062407399999998,0.004878049,0.016666667,42.14163315,0.0,High_Potential
7387,June,6,New_Visitor,2,False,94,5579.315873,92.98859788333333,0.0,0.007335491,0.0,0.0,High_Potential
7388,Aug,8,Returning_Visitor,1,True,45,3166.333333,52.77222221666667,0.0,0.004891304,4.859624751,0.0,High_Potential
7393,Oct,10,Returning_Visitor,1,True,42,1157.783333,19.296388883333336,0.0,0.032222222,0.0,0.0,High_Potential
7398,Aug,8,Returning_Visitor,2,False,49,2268.900677,37.815011283333334,0.0,0.017407407,0.0,0.0,High_Potential
7414,June,6,Returning_Visitor,2,False,150,5962.205556,99.37009259999999,0.005345912,0.015283019,0.0,0.0,High_Potential
7417,June,6,Returning_Visitor,2,False,84,2759.135058,45.9855843,0.005681818,0.02926548,4.477838682,0.0,High_Potential
7419,Jul,7,Returning_Visitor,2,True,70,2678.055238,44.63425396666666,0.0,0.005868545,0.0,0.0,High_Potential
7424,Nov,11,Returning_Visitor,2,False,130,3645.909048,60.7651508,0.001459854,0.008515815,10.41358118,0.0,High_Potential
7425,Aug,8,Returning_Visitor,2,False,42,3333.076068,55.5512678,0.011627907,0.027506986,0.0,0.0,High_Potential
7427,Aug,8,Returning_Visitor,1,False,75,2532.960656,42.21601093333334,0.004266667,0.030748538,0.0,0.0,High_Potential
7434,Jul,7,Returning_Visitor,13,True,45,1390.40359,23.173393166666663,0.017021277,0.023262411,0.0,0.0,High_Potential
7442,Nov,11,Returning_Visitor,1,False,52,3019.805397,50.33008995,0.0,0.002724518,0.0,0.0,High_Potential
7454,Oct,10,Returning_Visitor,1,False,51,820.4833333,13.674722221666666,0.0,0.008627451,0.0,0.0,High_Potential
7457,Oct,10,Returning_Visitor,13,False,102,2436.287879,40.604797983333334,0.051797386,0.060539216,0.0,0.0,High_Potential
7461,Nov,11,Returning_Visitor,1,False,62,976.3333333,16.272222221666667,0.009375,0.015625,0.0,0.0,High_Potential
7467,Aug,8,Returning_Visitor,1,False,62,2337.196667,38.953277783333334,0.008196721,0.023911007,0.0,0.0,High_Potential
7474,Jul,7,Returning_Visitor,1,False,104,3528.060714,58.801011900000006,0.006213018,0.035602227,0.0,0.0,High_Potential
7480,Nov,11,Returning_Visitor,5,False,43,1912.751905,31.879198416666668,0.008333333,0.007777778,19.64189593,0.0,High_Potential
7483,June,6,Returning_Visitor,1,False,53,2121.311111,35.35518518333333,0.020754717,0.060754717,0.0,0.0,High_Potential
7484,Oct,10,Returning_Visitor,1,True,71,2576.432121,42.94053535,0.01027027,0.045526366,0.0,0.0,High_Potential
7486,June,6,Returning_Visitor,3,False,63,1422.103333,23.701722216666667,0.0,0.008766234,0.0,0.0,High_Potential
7488,Oct,10,Returning_Visitor,13,False,44,1310.5,21.841666666666665,0.042222222,0.065925926,0.0,0.0,High_Potential
7498,June,6,Returning_Visitor,3,False,38,2001.7,33.361666666666665,0.006342495,0.030232558,0.0,0.0,High_Potential
7499,June,6,Returning_Visitor,1,False,72,1822.866667,30.381111116666666,0.006756757,0.024774775,11.34860076,0.0,High_Potential
7500,Nov,11,Returning_Visitor,13,False,73,2265.492857,37.75821428333334,0.011111111,0.00716821,0.0,0.0,High_Potential
7504,Aug,8,Returning_Visitor,2,True,88,1839.098106,30.6516351,0.015758703,0.031587556,0.0,0.0,High_Potential
7509,Aug,8,Returning_Visitor,3,False,42,1246.12,20.768666666666665,0.0,0.008888889,0.0,0.0,High_Potential
7521,Aug,8,Returning_Visitor,3,False,56,1294.637143,21.577285716666665,0.007407407,0.03345679,0.0,0.0,High_Potential
7523,Oct,10,Returning_Visitor,1,False,181,4287.960606,71.46601009999999,0.0,0.012467279,4.529635712,0.0,High_Potential
7529,Jul,7,Returning_Visitor,1,False,48,3177.366667,52.95611111666666,0.008510638,0.044680851,0.0,0.0,High_Potential
7530,June,6,Returning_Visitor,3,False,45,1970.0,32.833333333333336,0.019259259,0.037925926,0.0,0.0,High_Potential
7533,Oct,10,Returning_Visitor,1,False,51,1187.737297,19.795621616666665,0.024223602,0.066119363,6.854149002,0.0,High_Potential
7552,Jul,7,Returning_Visitor,13,False,43,2660.283333,44.33805555,0.030612245,0.055782313,0.0,0.0,High_Potential
7553,Jul,7,Returning_Visitor,1,True,47,2101.691541,35.028192350000005,0.007435897,0.02061552,0.0,0.0,High_Potential
7563,Oct,10,Returning_Visitor,1,False,54,2214.230303,36.90383838333333,0.009375,0.031076389,1.288569678,0.0,High_Potential
7566,Aug,8,Returning_Visitor,1,False,94,1729.716667,28.828611116666664,0.005050505,0.025420875,6.322599996,0.0,High_Potential
7572,Aug,8,New_Visitor,1,False,43,1458.93619,24.315603166666666,0.0,0.00952381,0.0,0.0,High_Potential
7574,Jul,7,Returning_Visitor,2,False,159,4362.009752,72.70016253333333,0.001204819,0.008667383,6.047203519,0.0,High_Potential
7575,June,6,Returning_Visitor,3,False,68,824.1573062,13.735955103333334,0.0,0.006666667,37.68626909,0.0,High_Potential
7577,June,6,Returning_Visitor,2,True,107,1688.2494,28.13749,0.0,0.016407828,2.385969641,0.0,High_Potential
7585,Oct,10,Returning_Visitor,3,False,41,1227.713333,20.461888883333334,0.019512195,0.041056911,0.0,0.0,High_Potential
7589,Jul,7,Returning_Visitor,3,True,271,12292.46381,204.87439683333332,0.005995204,0.02001083,0.038034542,0.0,High_Potential
7603,Aug,8,Returning_Visitor,4,False,90,2167.900476,36.1316746,0.002898551,0.013297101,0.0,0.0,High_Potential
7605,Aug,8,Returning_Visitor,1,False,67,771.4133333,12.856888888333334,0.0,0.004205128,0.0,0.0,High_Potential
7607,Oct,10,Returning_Visitor,3,False,60,632.25,10.5375,0.005882353,0.011960784,0.0,0.0,High_Potential
7609,Nov,11,Returning_Visitor,3,False,41,1808.953333,30.149222216666665,0.0,0.012195122,0.0,0.0,High_Potential
7611,Sep,9,Returning_Visitor,2,False,171,4554.692744,75.91154573333333,0.002259887,0.004062416,0.0,0.0,High_Potential
7613,Aug,8,Returning_Visitor,1,True,55,3134.066667,52.23444445,0.0,0.006666667,5.767419658,0.0,High_Potential
7615,Sep,9,Returning_Visitor,3,False,82,895.1111111,14.918518518333334,0.002325581,0.004844961,0.0,0.0,High_Potential
7616,Oct,10,Returning_Visitor,13,True,150,4935.536124,82.2589354,0.005664488,0.016427015,0.0,0.0,High_Potential
7620,Aug,8,Returning_Visitor,3,True,111,2805.038095,46.75063491666666,0.005405405,0.038192738,0.0,0.0,High_Potential
7622,Sep,9,Returning_Visitor,1,False,44,1993.396667,33.22327778333333,0.01254902,0.041246499,4.107661192,0.0,High_Potential
7623,June,6,Returning_Visitor,3,False,84,2289.079157,38.151319283333336,0.002556818,0.013110506,0.0,0.0,High_Potential
7632,Sep,9,Returning_Visitor,3,False,79,2426.006667,40.43344445,0.001265823,0.017721519,0.0,0.0,High_Potential
7636,Jul,7,Returning_Visitor,3,False,39,835.6809524,13.928015873333333,0.032478632,0.028162393,0.0,0.0,High_Potential
7643,Aug,8,Returning_Visitor,1,False,145,2935.255477,48.92092461666667,0.001360544,0.005708347,0.26809298,0.0,High_Potential
7644,Sep,9,Returning_Visitor,1,False,72,5465.320175,91.08866958333333,0.033789954,0.06037786,0.0,0.0,High_Potential
7647,Nov,11,Returning_Visitor,1,False,55,2400.782077,40.013034616666665,0.0,0.010717178,0.98110865,0.0,High_Potential
7655,Aug,8,New_Visitor,2,False,50,936.81,15.613499999999998,0.0,0.003773585,0.0,0.0,High_Potential
7662,Sep,9,Returning_Visitor,13,False,414,23888.81,398.14683333333335,0.009900332,0.027062016,1.033757336,0.0,High_Potential
7670,June,6,Returning_Visitor,6,False,58,1066.393635,17.773227249999998,0.000209249,0.034950263,0.0,0.0,High_Potential
7673,June,6,Returning_Visitor,4,False,56,857.7355067,14.295591778333334,0.0,0.014259607,0.0,0.0,High_Potential
7681,Oct,10,Returning_Visitor,4,False,40,906.4,15.106666666666666,0.0,0.015238095,0.0,0.0,High_Potential
7684,Jul,7,Returning_Visitor,3,False,65,2349.101818,39.15169696666667,0.018785882,0.046505418,0.0,0.0,High_Potential
7696,June,6,Returning_Visitor,1,False,62,4391.666667,73.19444445,0.003174603,0.014814815,0.0,0.0,High_Potential
7697,Oct,10,Returning_Visitor,20,False,43,2013.659524,33.560992066666664,0.0,0.009090909,0.0,0.0,High_Potential
7701,Oct,10,Returning_Visitor,3,False,39,977.4128571,16.290214285,0.009756098,0.017615176,0.0,0.0,High_Potential
7707,June,6,Returning_Visitor,2,False,73,1860.95,31.015833333333333,0.005405405,0.019527027,0.0,0.0,High_Potential
7715,June,6,Returning_Visitor,2,False,61,1140.796667,19.013277783333333,0.0,0.002833333,0.0,0.0,High_Potential
7718,Jul,7,Returning_Visitor,1,False,78,3621.606667,60.360111116666666,0.0,0.006024096,18.78186098,0.0,High_Potential
7719,Jul,7,Returning_Visitor,1,False,110,2056.48859,34.27480983333333,0.0,0.004892966,0.0,0.0,High_Potential
7721,Oct,10,Returning_Visitor,2,False,71,1094.310476,18.238507933333334,0.0,0.009285714,4.718931118,0.0,High_Potential
7726,Aug,8,Returning_Visitor,3,False,53,2224.633333,37.07722221666667,0.011538462,0.03514652,0.0,0.0,High_Potential
7728,Nov,11,Returning_Visitor,3,False,46,1624.935625,27.082260416666667,0.005357143,0.021391443,0.0,0.0,High_Potential
7731,Oct,10,Returning_Visitor,2,False,58,3441.806667,57.363444449999996,0.0,0.010752688,0.0,0.0,High_Potential
7739,Aug,8,Returning_Visitor,1,False,50,2653.196667,44.21994445,0.015686275,0.027908497,0.0,0.0,High_Potential
7746,Nov,11,Returning_Visitor,2,False,134,3410.697592,56.84495986666666,0.001495726,0.002839575,0.0,0.0,High_Potential
7748,Sep,9,New_Visitor,5,True,68,2664.416667,44.40694445,0.0,0.005633803,5.150260109,0.0,High_Potential
7752,Oct,10,Returning_Visitor,1,True,53,1618.203333,26.970055549999998,0.023846154,0.047628205,0.0,0.0,High_Potential
7763,Nov,11,Returning_Visitor,2,False,172,4098.699853,68.31166421666667,0.003314917,0.016214742,2.90865324,0.0,High_Potential
7768,June,6,Returning_Visitor,1,False,219,6747.414492,112.4569082,0.003604845,0.020793071,5.408935339,0.0,High_Potential
7769,Oct,10,New_Visitor,2,False,94,2487.52,41.458666666666666,0.0,0.002083333,0.0,0.0,High_Potential
7770,Aug,8,Returning_Visitor,4,False,176,6847.736667,114.12894445,0.003370787,0.011516854,20.44064077,0.0,High_Potential
7772,Sep,9,Returning_Visitor,1,False,42,602.8833333,10.048055555,0.0,0.004365079,21.26632526,0.0,High_Potential
7780,Oct,10,Returning_Visitor,3,False,97,6079.82,101.33033333333333,0.002,0.017,3.454874142,0.0,High_Potential
7782,Jul,7,Returning_Visitor,2,False,55,1988.931429,33.14885715,0.007272727,0.005330144,5.79089525,0.0,High_Potential
7784,Aug,8,Returning_Visitor,2,True,46,1292.449762,21.540829366666667,0.004347826,0.005555556,0.0,0.0,High_Potential
7796,Oct,10,Returning_Visitor,1,False,48,691.95,11.5325,0.012666667,0.021380952,6.887181233,0.0,High_Potential
7798,June,6,Returning_Visitor,4,False,262,6774.82,112.91366666666666,0.000425406,0.013069803,0.0,0.0,High_Potential
7800,Sep,9,Returning_Visitor,1,False,41,3389.8,56.49666666666667,0.032478632,0.05019425,0.0,0.0,High_Potential
7801,Nov,11,Returning_Visitor,2,False,114,2139.156647,35.65261078333333,0.0,0.009414895,0.0,0.0,High_Potential
7804,Oct,10,Returning_Visitor,2,False,45,1620.141667,27.00236111666667,0.0,0.009333333,0.0,0.0,High_Potential
7807,June,6,Returning_Visitor,1,False,93,3856.82978,64.28049633333333,0.037525773,0.06218704,7.542144271,0.0,High_Potential
7808,Oct,10,Returning_Visitor,1,True,154,4800.574762,80.00957936666667,0.014473684,0.032872807,0.0,0.0,High_Potential
7818,Aug,8,Returning_Visitor,3,False,53,1228.289524,20.471492066666666,0.02345679,0.042026749,0.0,0.0,High_Potential
7824,Sep,9,Returning_Visitor,3,False,87,1836.983333,30.616388883333332,0.009782609,0.026449275,0.0,0.0,High_Potential
7828,Jul,7,Returning_Visitor,13,True,409,9100.402959,151.67338264999998,0.004301075,0.015934735,6.277683942,0.0,High_Potential
7830,Nov,11,Returning_Visitor,6,False,53,1854.242845,30.904047416666668,0.0004329,0.015548371,22.22165124,0.0,High_Potential
7850,Sep,9,Returning_Visitor,13,False,93,2002.76,33.379333333333335,0.008163265,0.026598639,0.0,0.0,High_Potential
7868,Sep,9,Returning_Visitor,3,False,53,1624.320952,27.072015866666668,0.009803922,0.01735761,0.0,0.0,High_Potential
7869,Aug,8,Returning_Visitor,13,False,40,708.5547619,11.809246031666667,0.009302326,0.016434109,0.0,0.0,High_Potential
7874,Nov,11,Returning_Visitor,4,True,64,1831.942222,30.532370366666665,0.0,0.015238095,16.35155923,0.0,High_Potential
7890,Aug,8,Returning_Visitor,1,True,58,1280.149821,21.33583035,0.016923077,0.035377102,0.0,0.0,High_Potential
7892,Aug,8,Returning_Visitor,4,False,98,1717.873278,28.6312213,0.014150943,0.023942797,0.0,0.0,High_Potential
7893,June,6,Returning_Visitor,2,False,159,6137.14491,102.2857485,0.011276738,0.031489963,18.23386055,0.0,High_Potential
7896,Jul,7,Returning_Visitor,1,False,96,1231.79046,20.529840999999998,0.00212766,0.01026897,0.0,0.0,High_Potential
7900,Aug,8,Returning_Visitor,1,False,189,15454.43857,257.5739761666667,0.007286432,0.019882747,0.0,0.0,High_Potential
7901,June,6,Returning_Visitor,3,False,38,643.9,10.731666666666666,0.026315789,0.057894737,0.0,0.0,High_Potential
7909,Aug,8,Returning_Visitor,2,False,62,3564.590227,59.40983711666667,0.021980198,0.052175571,0.0,0.0,High_Potential
7914,Oct,10,Returning_Visitor,2,False,69,2222.419048,37.04031746666667,0.005092593,0.01496142,0.0,0.0,High_Potential
7918,Nov,11,Returning_Visitor,1,False,43,1582.7,26.378333333333334,0.004545455,0.014393939,0.0,0.0,High_Potential
7923,Aug,8,New_Visitor,2,False,47,636.7,10.611666666666668,0.0,0.0,0.0,0.0,High_Potential
7927,Aug,8,Returning_Visitor,3,False,46,1354.8,22.58,0.010909091,0.041212121,0.0,0.0,High_Potential
7935,Nov,11,Returning_Visitor,3,True,41,1275.26927,21.254487833333332,0.0,0.013461742,0.0,0.0,High_Potential
7937,Aug,8,Returning_Visitor,3,False,86,3334.506667,55.57511111666667,0.025581395,0.050387597,0.0,0.0,High_Potential
7938,Oct,10,Returning_Visitor,20,False,184,3579.7859,59.66309833333333,0.0,0.00381931,138.3208342,0.0,High_Potential
7940,Sep,9,Returning_Visitor,13,False,52,1199.22619,19.987103166666667,0.013095238,0.020257937,0.0,0.0,High_Potential
7953,Aug,8,Returning_Visitor,3,False,66,1158.782857,19.313047616666665,0.009722222,0.022569444,0.0,0.0,High_Potential
7955,Aug,8,Returning_Visitor,2,False,61,2006.688158,33.44480263333333,0.003278689,0.015460019,2.039270228,0.0,High_Potential
7958,Nov,11,Returning_Visitor,2,False,50,1572.486399,26.208106649999998,0.0,0.019939881,0.0,0.0,High_Potential
7959,Sep,9,Returning_Visitor,4,False,82,3801.680397,63.36133995,0.010714286,0.03015873,0.906375967,0.0,High_Potential
7968,Oct,10,Returning_Visitor,3,False,38,1649.766667,27.49611111666667,0.0,0.011965812,0.0,0.0,High_Potential
7971,Oct,10,Returning_Visitor,1,False,76,1985.894203,33.09823671666667,0.015630252,0.031102029,0.0,0.0,High_Potential
7973,Nov,11,Returning_Visitor,3,False,39,1477.154762,24.619246033333333,0.038157895,0.073976608,0.775318113,0.0,High_Potential
7974,Oct,10,Returning_Visitor,4,False,72,1636.258333,27.270972216666667,0.005333333,0.007733333,0.0,0.0,High_Potential
7976,Sep,9,Returning_Visitor,2,True,53,2822.623603,47.04372671666667,0.006666667,0.017015392,0.0,0.0,High_Potential
7983,Dec,12,Returning_Visitor,6,False,47,2059.7,34.32833333333333,0.005769231,0.033243423,0.0,0.0,High_Potential
7984,Dec,12,New_Visitor,2,False,44,1412.270833,23.537847216666666,0.004347826,0.015483092,0.0,0.0,High_Potential
7991,Nov,11,Returning_Visitor,13,True,92,4066.207476,67.7701246,0.001754386,0.013603668,18.04114817,0.0,High_Potential
7996,Nov,11,Returning_Visitor,2,False,64,3025.058333,50.41763888333333,0.003125,0.018958333,0.0,0.0,High_Potential
7999,Nov,11,Returning_Visitor,2,False,66,2339.805556,38.996759266666665,0.012121212,0.034848485,0.0,0.0,High_Potential
8009,Nov,11,Returning_Visitor,1,False,131,3902.664774,65.0444129,0.008888889,0.02287037,0.0,0.0,High_Potential
8016,Nov,11,Returning_Visitor,2,True,48,2073.916667,34.565277783333336,0.003921569,0.02627451,0.0,0.0,High_Potential
8017,Dec,12,Returning_Visitor,1,False,241,5194.79857,86.57997616666667,0.003101093,0.014304381,0.468406088,0.0,High_Potential
8022,Nov,11,Returning_Visitor,2,False,51,1068.357692,17.805961533333335,0.01372549,0.043697479,7.570470024,0.0,High_Potential
8030,Nov,11,Returning_Visitor,13,True,65,3804.2875,63.40479166666667,0.0,0.0203125,0.0,0.0,High_Potential
8040,Dec,12,Returning_Visitor,6,False,76,1758.912393,29.315206550000003,0.004901961,0.016913178,22.86584543,0.0,High_Potential
8051,Nov,11,Returning_Visitor,3,False,91,2023.75,33.729166666666664,0.004731183,0.018752216,0.0,0.0,High_Potential
8053,Dec,12,Returning_Visitor,10,True,49,1493.695238,24.894920633333335,0.005390836,0.015750591,0.0,0.0,High_Potential
8056,Dec,12,Returning_Visitor,10,True,54,2295.0,38.25,0.007272727,0.014545455,0.0,0.0,High_Potential
8060,Nov,11,Returning_Visitor,3,False,38,1185.986275,19.766437916666668,0.0,0.009501385,0.0,0.0,High_Potential
8061,Nov,11,Returning_Visitor,2,False,70,1473.701515,24.561691916666668,0.008695652,0.032370528,0.0,0.0,High_Potential
8071,Dec,12,Returning_Visitor,2,False,449,63973.52223,1066.2253705,0.000764406,0.02770134,0.0,0.0,High_Potential
8076,Nov,11,Returning_Visitor,2,True,102,4021.172222,67.01953703333334,0.0,0.01,0.0,0.0,High_Potential
8080,Dec,12,Returning_Visitor,1,False,63,2138.383333,35.63972221666667,0.0,0.012282691,0.0,0.0,High_Potential
8081,Nov,11,Returning_Visitor,1,False,143,4977.850893,82.96418154999999,0.008732394,0.038977353,0.0,0.0,High_Potential
8088,Nov,11,Returning_Visitor,2,False,71,3534.298611,58.904976850000004,0.00890411,0.023832104,0.0,0.0,High_Potential
8093,Nov,11,Returning_Visitor,2,False,148,8629.783691,143.82972818333334,0.0095,0.019155126,1.60801626,0.0,High_Potential
8095,Nov,11,Returning_Visitor,2,True,46,2756.19246,45.936541000000005,0.0,0.01765792,0.0,0.0,High_Potential
8102,Dec,12,Returning_Visitor,2,False,50,1557.916667,25.96527778333333,0.003773585,0.013207547,0.0,0.0,High_Potential
8116,Nov,11,Returning_Visitor,10,True,135,4966.520661,82.77534435,0.003649635,0.011277952,0.0,0.0,High_Potential
8117,Nov,11,Returning_Visitor,13,False,94,2881.684524,48.0280754,0.006122449,0.025340136,0.0,0.0,High_Potential
8119,Nov,11,Returning_Visitor,3,False,111,2556.373335,42.60622225,0.000423729,0.00814597,2.514977953,0.0,High_Potential
8125,Nov,11,Returning_Visitor,1,False,213,7443.407447,124.05679078333333,0.003958333,0.014633794,0.0,0.0,High_Potential
8127,Nov,11,New_Visitor,2,True,63,1980.238095,33.00396825,0.0,0.015025253,0.0,0.0,High_Potential
8137,Nov,11,Returning_Visitor,1,True,143,5149.434919,85.82391531666667,0.004195804,0.014489415,0.0,0.0,High_Potential
8142,Dec,12,Returning_Visitor,1,False,67,2876.441667,47.94069445,0.015196078,0.027326203,0.0,0.0,High_Potential
8145,Nov,11,Returning_Visitor,2,False,45,2007.522619,33.45871031666667,0.013043478,0.018657031,0.0,0.0,High_Potential
8148,Dec,12,Returning_Visitor,10,False,63,2074.611111,34.576851850000004,0.010793651,0.02000962,0.0,0.0,High_Potential
8150,Nov,11,Returning_Visitor,13,True,79,2387.139881,39.78566468333334,0.028733963,0.046198341,0.0,0.0,High_Potential
8160,Nov,11,Returning_Visitor,3,False,79,1319.547421,21.992457016666666,0.005128205,0.00962556,0.0,0.0,High_Potential
8167,Nov,11,Returning_Visitor,1,False,65,2130.447802,35.50746336666667,0.016923077,0.024589744,20.60235987,0.0,High_Potential
8171,Dec,12,Returning_Visitor,1,False,39,805.7916667,13.429861111666666,0.007692308,0.013846154,0.0,0.0,High_Potential
8172,Nov,11,Returning_Visitor,2,False,69,1918.902722,31.981712033333334,0.003424658,0.021575342,0.0,0.0,High_Potential
8181,Dec,12,Returning_Visitor,2,False,52,2180.217803,36.336963383333334,0.0,0.012515263,0.0,0.0,High_Potential
8190,Nov,11,Returning_Visitor,2,False,59,2934.236722,48.90394536666667,0.006666667,0.022333333,6.099899016,0.0,High_Potential
8197,Nov,11,Returning_Visitor,2,False,188,5728.673611,95.47789351666667,0.003409759,0.01638112,0.0,0.0,High_Potential
8203,Nov,11,Returning_Visitor,10,False,108,4656.331746,77.6055291,0.006456456,0.018326694,0.0,0.0,High_Potential
8206,Nov,11,New_Visitor,2,False,72,712.2960784,11.871601306666667,0.0,0.000913242,0.0,0.0,High_Potential
8216,Dec,12,Returning_Visitor,1,False,48,1481.108333,24.68513888333333,0.003773585,0.008176101,0.0,0.0,High_Potential
8225,Dec,12,New_Visitor,1,False,43,1286.916667,21.448611116666665,0.0,0.01037037,0.0,0.0,High_Potential
8230,Nov,11,Returning_Visitor,1,False,391,15025.23302,250.42055033333332,0.001515152,0.010140622,1.271406629,0.0,High_Potential
8233,Nov,11,Returning_Visitor,8,True,72,1781.191667,29.686527783333336,0.008219178,0.015174871,0.0,0.0,High_Potential
8234,Nov,11,Returning_Visitor,2,False,51,3472.870513,57.88117521666666,0.011866969,0.037170572,0.0,0.0,High_Potential
8246,Dec,12,Returning_Visitor,2,True,45,1424.839744,23.74732906666667,0.012244898,0.031739553,0.0,0.0,High_Potential
8248,Nov,11,Returning_Visitor,7,False,121,3648.5625,60.809375,0.001927438,0.009409219,3.322866215,0.0,High_Potential
8255,Nov,11,Returning_Visitor,3,False,43,821.275,13.687916666666666,0.015873016,0.024900794,0.0,0.0,High_Potential
8258,Nov,11,Returning_Visitor,2,False,38,1517.416739,25.290278983333334,0.0,0.004122807,0.0,0.0,High_Potential
8269,Nov,11,Returning_Visitor,2,False,108,4575.477552,76.2579592,0.016945141,0.026110286,3.401438792,0.0,High_Potential
8279,Nov,11,Returning_Visitor,8,False,174,4994.24915,83.23748583333332,0.006025974,0.015842941,0.0,0.0,High_Potential
8281,Nov,11,Returning_Visitor,2,False,149,6082.873739,101.38122898333333,0.011520436,0.027243522,0.0,0.0,High_Potential
8286,Nov,11,Returning_Visitor,2,False,68,1723.753711,28.72922851666667,0.011940299,0.023681592,0.0,0.0,High_Potential
8291,Nov,11,Returning_Visitor,2,False,42,3127.078788,52.11797979999999,0.009614512,0.021287825,0.0,0.0,High_Potential
8300,Dec,12,Returning_Visitor,2,False,39,1028.775,17.146250000000002,0.0,0.010436508,0.0,0.0,High_Potential
8301,Nov,11,Returning_Visitor,2,True,90,2776.013582,46.26689303333333,0.002380952,0.017256944,0.0,0.0,High_Potential
8303,Nov,11,Returning_Visitor,2,True,95,4379.863158,72.9977193,0.006314433,0.033908935,0.0,0.0,High_Potential
8308,Nov,11,Returning_Visitor,8,False,584,24844.1562,414.06927,0.00209938,0.009346937,4.511100422,0.0,High_Potential
8311,Nov,11,Returning_Visitor,3,False,60,2050.191803,34.169863383333336,0.008758782,0.028381703,0.0,0.0,High_Potential
8312,Dec,12,Returning_Visitor,2,False,46,962.9011905,16.048353175,0.004444444,0.01212963,0.0,0.0,High_Potential
8330,Nov,11,Returning_Visitor,8,True,154,5253.069444,87.5511574,0.001273885,0.008832272,0.0,0.0,High_Potential
8335,Nov,11,Returning_Visitor,2,False,59,2886.841667,48.114027783333334,0.0,0.025574713,0.0,0.0,High_Potential
8341,Nov,11,Returning_Visitor,1,False,44,2747.616288,45.793604800000004,0.024205128,0.062408964,0.0,0.0,High_Potential
8346,Nov,11,Returning_Visitor,10,False,50,1039.599344,17.326655733333332,0.000925926,0.010164456,0.0,0.0,High_Potential
8355,Nov,11,Returning_Visitor,2,False,104,7181.877778,119.69796296666667,0.008843537,0.023737786,0.0,0.0,High_Potential
8358,Nov,11,Returning_Visitor,3,False,51,2855.166667,47.586111116666665,0.0,0.012745098,0.0,0.0,High_Potential
8363,Nov,11,Returning_Visitor,2,False,90,2636.138889,43.93564815,0.023333333,0.045777778,0.0,0.0,High_Potential
8366,Dec,12,Returning_Visitor,1,False,44,1113.309524,18.555158733333332,0.008333333,0.015625,18.9160732,0.0,High_Potential
8371,Dec,12,Returning_Visitor,1,False,105,4434.281746,73.90469576666666,0.005042017,0.029692564,4.528329755,0.0,High_Potential
8374,Dec,12,Returning_Visitor,1,False,93,2835.417641,47.25696068333333,0.00754386,0.037316087,0.0,0.0,High_Potential
8375,Nov,11,Returning_Visitor,8,False,76,2893.940476,48.23234126666667,0.002409639,0.014859438,1.935491302,0.0,High_Potential
8389,Dec,12,Returning_Visitor,1,False,44,2187.338725,36.45564541666667,0.005102041,0.029042386,0.0,0.0,High_Potential
8391,Nov,11,New_Visitor,8,False,70,1652.486111,27.54143518333333,0.0,0.008695652,0.0,0.0,High_Potential
8392,Nov,11,Returning_Visitor,3,True,63,5826.333333,97.10555554999999,0.000793651,0.026719577,0.0,0.0,High_Potential
8405,Nov,11,Returning_Visitor,2,False,44,1184.269841,19.737830683333335,0.004545455,0.023295455,0.0,0.0,High_Potential
8406,Dec,12,Returning_Visitor,2,False,122,6919.899495,115.33165824999999,0.004615385,0.022008376,0.0,0.0,High_Potential
8408,Dec,12,Returning_Visitor,3,False,41,1074.333333,17.90555555,0.0,0.019047619,0.0,0.0,High_Potential
8415,Nov,11,Returning_Visitor,2,False,311,12500.35306,208.33921766666666,0.001387656,0.014687275,0.0,0.0,High_Potential
8423,Nov,11,Returning_Visitor,3,False,125,1935.335516,32.255591933333335,0.0,0.008031496,0.0,0.0,High_Potential
8424,Nov,11,Returning_Visitor,2,False,140,2404.831006,40.08051676666666,0.001428571,0.003142857,0.0,0.0,High_Potential
8431,Nov,11,Returning_Visitor,2,False,54,1975.455952,32.924265866666666,0.003703704,0.016049383,0.0,0.0,High_Potential
8433,Nov,11,Returning_Visitor,13,False,66,2556.220833,42.60368055,0.018732493,0.02229101,0.0,0.0,High_Potential
8435,Dec,12,Returning_Visitor,1,False,153,3812.161753,63.53602921666666,0.003012048,0.013769082,5.91438512,0.0,High_Potential
8438,Nov,11,Returning_Visitor,2,False,340,10902.45826,181.70763766666667,0.001713207,0.015734957,0.0,0.0,High_Potential
8441,Nov,11,Returning_Visitor,1,True,56,3543.809524,59.06349206666666,0.004464286,0.021785714,0.0,0.0,High_Potential
8445,Nov,11,Returning_Visitor,2,False,97,2300.891317,38.34818861666667,0.0,0.015730379,0.0,0.0,High_Potential
8446,Dec,12,Returning_Visitor,1,False,39,841.7833333,14.029722221666667,0.005426357,0.017585825,0.0,0.0,High_Potential
8459,Dec,12,Returning_Visitor,8,True,41,803.5077381,13.391795635,0.0,0.008424908,0.0,0.0,High_Potential
8466,Nov,11,Returning_Visitor,2,False,64,3875.427778,64.59046296666666,0.0,0.019583333,5.698585477,0.0,High_Potential
8471,Dec,12,Returning_Visitor,3,False,49,1385.85,23.0975,0.0,0.013265306,0.0,0.0,High_Potential
8472,Nov,11,Returning_Visitor,10,True,81,3197.755638,53.2959273,0.01,0.021511083,0.0,0.0,High_Potential
8473,Dec,12,Returning_Visitor,2,True,39,1779.886905,29.66478175,0.01025641,0.028972694,0.0,0.0,High_Potential
8474,Nov,11,Returning_Visitor,2,True,57,1191.8875,19.86479166666667,0.019298246,0.030732714,0.0,0.0,High_Potential
8477,Nov,11,Returning_Visitor,2,True,90,3111.683333,51.86138888333333,0.0,0.013249672,0.0,0.0,High_Potential
8480,Dec,12,Returning_Visitor,10,True,49,860.2083333,14.336805555000002,0.004081633,0.012380952,0.0,0.0,High_Potential
8490,Dec,12,Returning_Visitor,10,False,44,844.9416667,14.082361111666668,0.004444444,0.015925926,0.0,0.0,High_Potential
8499,Nov,11,Returning_Visitor,2,False,99,4097.708838,68.2951473,0.002061856,0.013745704,0.0,0.0,High_Potential
8504,Nov,11,Returning_Visitor,13,False,103,2429.279762,40.48799603333334,0.034951923,0.044360501,0.0,0.0,High_Potential
8505,Dec,12,Returning_Visitor,2,False,40,1123.050824,18.71751373333333,0.008680556,0.024695767,0.0,0.0,High_Potential
8511,Dec,12,Returning_Visitor,2,True,103,3216.920172,53.6153362,0.012190476,0.030754266,0.0,0.0,High_Potential
8517,Dec,12,Returning_Visitor,2,False,71,1361.780952,22.6963492,0.0,0.014003044,0.0,0.0,High_Potential
8521,Nov,11,Returning_Visitor,2,False,204,5209.820361,86.83033935,0.002571429,0.015411986,0.0,0.0,High_Potential
8523,Nov,11,Returning_Visitor,2,False,131,2244.616667,37.41027778333333,0.005343511,0.017506361,0.0,0.0,High_Potential
8524,Nov,11,Returning_Visitor,1,True,47,2032.272727,33.87121211666667,0.017021277,0.023877069,0.0,0.0,High_Potential
8526,Nov,11,Returning_Visitor,3,False,38,883.55,14.725833333333332,0.026315789,0.03907496,0.0,0.0,High_Potential
8535,Nov,11,Returning_Visitor,13,False,121,4875.106113,81.25176855,0.011806061,0.020025438,0.0,0.0,High_Potential
8542,Dec,12,Returning_Visitor,3,True,50,1897.833333,31.63055555,0.0127,0.011746032,0.0,0.0,High_Potential
8543,Nov,11,Returning_Visitor,2,False,60,1883.866667,31.397777783333332,0.017460317,0.042436975,0.0,0.0,High_Potential
8545,Nov,11,Returning_Visitor,2,False,59,3033.689449,50.56149081666667,0.00756193,0.015479685,0.0,0.0,High_Potential
8546,Nov,11,Returning_Visitor,1,False,83,2922.497511,48.70829185,0.009756098,0.030081301,0.0,0.0,High_Potential
8555,Nov,11,Returning_Visitor,2,False,48,2492.166667,41.53611111666667,0.0,0.014583333,0.0,0.0,High_Potential
8556,Dec,12,Returning_Visitor,2,True,38,1656.615043,27.610250716666666,0.018421053,0.04154591,0.0,0.0,High_Potential
8559,Dec,12,Returning_Visitor,2,False,79,2693.582331,44.89303885,0.0,0.003430424,0.0,0.0,High_Potential
8569,Nov,11,Returning_Visitor,2,False,54,1441.636905,24.02728175,0.008461538,0.004290709,0.0,0.0,High_Potential
8574,Nov,11,New_Visitor,2,False,46,3368.305556,56.13842593333333,0.003846154,0.011858974,0.0,0.0,High_Potential
8580,Dec,12,Returning_Visitor,3,False,59,2334.105159,38.901752650000006,0.018421053,0.042076023,0.0,0.0,High_Potential
8585,Nov,11,Returning_Visitor,2,True,81,2126.077501,35.43462501666667,0.011728395,0.02129074,0.0,0.0,High_Potential
8593,Nov,11,Returning_Visitor,1,False,59,3066.695513,51.11159188333333,0.0,0.010460069,0.0,0.0,High_Potential
8594,Nov,11,Returning_Visitor,2,False,81,4272.607937,71.21013228333332,0.002352941,0.018627451,0.0,0.0,High_Potential
8596,Nov,11,Returning_Visitor,1,False,42,3009.0875,50.15145833333334,0.004021164,0.0323655,0.0,0.0,High_Potential
8600,Nov,11,Returning_Visitor,2,False,98,3714.352664,61.905877733333334,0.005,0.013429932,0.0,0.0,High_Potential
8602,Nov,11,Returning_Visitor,1,True,151,9018.123741,150.30206235,0.012820513,0.02459296,0.0,0.0,High_Potential
8625,Dec,12,Returning_Visitor,2,False,38,2533.008333,42.216805550000004,0.0,0.026190476,0.0,0.0,High_Potential
8630,Nov,11,Returning_Visitor,3,False,385,14505.72725,241.76212083333334,0.007309999,0.013519938,0.0,0.0,High_Potential
8631,Dec,12,Returning_Visitor,2,False,58,2801.75119,46.695853166666666,0.010526316,0.016374269,7.267034211,0.0,High_Potential
8634,Nov,11,Returning_Visitor,10,True,79,2619.109709,43.65182848333333,0.016315049,0.020747988,0.0,0.0,High_Potential
8639,Dec,12,Returning_Visitor,3,False,38,1264.0,21.066666666666666,0.0,0.028947368,31.48142512,0.0,High_Potential
8646,Dec,12,Returning_Visitor,3,False,50,1799.666667,29.99444445,0.056410256,0.083012821,0.0,0.0,High_Potential
8655,Nov,11,Returning_Visitor,2,True,292,8282.214508,138.03690846666666,0.000977199,0.005669849,13.91832377,0.0,High_Potential
8658,Dec,12,Returning_Visitor,10,False,45,3007.6875,50.128125,0.012765957,0.012907801,0.0,0.0,High_Potential
8659,Nov,11,Returning_Visitor,11,False,52,1894.39384,31.573230666666667,0.005555556,0.016838538,0.0,0.0,High_Potential
8664,Nov,11,Returning_Visitor,2,False,71,3401.050687,56.684178116666665,0.005128205,0.026238576,0.0,0.0,High_Potential
8667,Dec,12,Returning_Visitor,3,False,56,1514.037879,25.23396465,0.016071429,0.0175,0.0,0.0,High_Potential
8673,Dec,12,Returning_Visitor,2,False,126,4446.303175,74.10505291666666,0.001538462,0.015567766,3.333835543,0.0,High_Potential
8676,Nov,11,New_Visitor,1,False,44,950.625,15.84375,0.0,0.004444444,0.0,0.0,High_Potential
8680,Dec,12,Returning_Visitor,1,False,50,694.5166667,11.575277778333334,0.008163265,0.024489796,0.0,0.0,High_Potential
8682,Nov,11,Returning_Visitor,6,True,96,2857.712454,47.6285409,0.002393617,0.019742908,0.0,0.0,High_Potential
8687,Nov,11,Returning_Visitor,2,False,81,1878.996825,31.31661375,0.002325581,0.019277493,0.0,0.0,High_Potential
8689,Nov,11,Returning_Visitor,2,True,46,1031.133333,17.18555555,0.004680851,0.034267293,0.0,0.0,High_Potential
8690,Nov,11,Returning_Visitor,1,True,39,1208.333333,20.138888883333333,0.0,0.01025641,0.0,0.0,High_Potential
8691,Nov,11,Returning_Visitor,10,False,152,5426.823764,90.44706273333333,0.005228758,0.018756793,0.0,0.0,High_Potential
8701,Nov,11,Returning_Visitor,2,True,93,2697.17535,44.9529225,0.006060606,0.019274564,0.0,0.0,High_Potential
8704,Nov,11,New_Visitor,8,False,69,5793.52381,96.55873016666666,0.0,0.007835821,0.0,0.0,High_Potential
8709,Nov,11,Returning_Visitor,1,False,42,2553.858333,42.56430555,0.0,0.022101449,0.0,0.0,High_Potential
8719,Nov,11,Returning_Visitor,1,False,102,4509.0,75.15,0.011764706,0.037679739,0.0,0.0,High_Potential
8725,Nov,11,Returning_Visitor,2,False,251,9297.575489,154.95959148333336,0.011608301,0.027881156,0.0,0.0,High_Potential
8726,Nov,11,Returning_Visitor,1,False,140,4096.090152,68.2681692,0.003809524,0.011870748,0.0,0.0,High_Potential
8734,Dec,12,Returning_Visitor,2,False,39,805.625,13.427083333333334,0.0,0.020905923,2.217029402,0.0,High_Potential
8737,Dec,12,Returning_Visitor,2,False,97,1935.887111,32.26478518333333,0.001168385,0.008928355,0.0,0.0,High_Potential
8743,Nov,11,Returning_Visitor,2,True,67,2199.976786,36.66627976666667,0.008333333,0.027665354,0.0,0.0,High_Potential
8756,Dec,12,Returning_Visitor,2,True,146,3231.853672,53.86422786666667,0.007792208,0.016586922,8.597486055,0.0,High_Potential
8758,Dec,12,Returning_Visitor,1,False,43,4215.961111,70.26601851666666,0.009302326,0.022170543,0.0,0.0,High_Potential
8760,Nov,11,Returning_Visitor,3,False,38,624.5,10.408333333333333,0.005263158,0.021052632,0.0,0.0,High_Potential
8761,Nov,11,Returning_Visitor,1,False,69,1618.532967,26.975549450000003,0.005555556,0.027698413,0.0,0.0,High_Potential
8763,Nov,11,Returning_Visitor,1,True,56,4899.626984,81.66044973333334,0.036904762,0.06360119,0.0,0.0,High_Potential
8764,Nov,11,Returning_Visitor,2,True,122,7141.214642,119.02024403333333,0.012926829,0.01962467,0.0,0.0,High_Potential
8770,Nov,11,Returning_Visitor,2,False,49,2011.513765,33.52522941666667,0.020689655,0.024273772,10.74211393,0.0,High_Potential
8772,Nov,11,Returning_Visitor,10,False,50,3831.1,63.85166666666667,0.0,0.017307692,0.0,0.0,High_Potential
8778,Dec,12,Returning_Visitor,1,True,58,1436.690476,23.944841266666668,0.0,0.008231293,12.80819078,0.0,High_Potential
8785,Dec,12,Returning_Visitor,13,False,59,4679.029167,77.98381945,0.009617486,0.032389468,0.0,0.0,High_Potential
8787,Dec,12,Returning_Visitor,2,False,170,5639.22176,93.98702933333334,0.002457143,0.01109801,0.0,0.0,High_Potential
8791,Dec,12,Returning_Visitor,2,True,95,2354.979058,39.249650966666664,0.00137457,0.005695387,5.214690992,0.0,High_Potential
8792,Nov,11,Returning_Visitor,2,True,80,3313.073936,55.21789893333333,0.022621723,0.059636655,0.0,0.0,High_Potential
8807,Nov,11,Returning_Visitor,1,True,48,4152.083333,69.20138888333332,0.00625,0.028125,0.0,0.0,High_Potential
8815,Dec,12,Returning_Visitor,2,False,69,4112.394444,68.53990739999999,0.007123288,0.022355057,0.0,0.0,High_Potential
8825,Nov,11,Returning_Visitor,2,False,86,2106.894048,35.1149008,0.002325581,0.008914729,0.0,0.0,High_Potential
8826,Dec,12,Returning_Visitor,2,True,101,5276.594444,87.94324073333334,0.0,0.005545073,17.53927855,0.0,High_Potential
8833,Nov,11,Returning_Visitor,2,True,169,6920.973243,115.34955405000001,0.005268892,0.016769542,0.742942737,0.0,High_Potential
8844,Nov,11,Returning_Visitor,3,True,75,1775.241667,29.587361116666667,0.001333333,0.019428571,0.0,0.0,High_Potential
8846,Nov,11,Returning_Visitor,2,True,81,5000.739116,83.34565193333333,0.003294118,0.020433155,0.0,0.0,High_Potential
8850,Dec,12,Returning_Visitor,2,False,64,1876.333333,31.272222216666666,0.007246377,0.014251208,16.68711526,0.0,High_Potential
8855,Nov,11,Returning_Visitor,3,True,51,3296.940476,54.949007933333334,0.0,0.008595388,3.507532249,0.0,High_Potential
8857,Nov,11,New_Visitor,2,False,65,2163.132326,36.052205433333334,0.0,0.011780384,0.0,0.0,High_Potential
8860,Nov,11,Returning_Visitor,1,True,62,2787.678571,46.46130951666667,0.003225806,0.015591398,57.48364657,0.0,High_Potential
8869,Nov,11,Returning_Visitor,2,True,65,2019.769468,33.66282446666666,0.002941176,0.017081105,3.277744575,0.0,High_Potential
8872,Nov,11,Returning_Visitor,2,True,154,7838.556598,130.64260996666667,0.00376506,0.014926307,0.0,0.0,High_Potential
8874,Nov,11,Returning_Visitor,2,False,74,3591.744196,59.86240326666667,0.019767442,0.015609868,0.0,0.0,High_Potential
8883,Dec,12,Returning_Visitor,2,False,98,7712.375,128.53958333333333,0.0,0.012431818,15.3498858,0.0,High_Potential
8885,Nov,11,Returning_Visitor,1,False,154,4755.224054,79.25373423333333,0.009808489,0.029142563,1.104440234,0.0,High_Potential
8904,Dec,12,Returning_Visitor,13,True,65,3174.088455,52.90147425,0.017014925,0.040540739,0.0,0.0,High_Potential
8909,Nov,11,Returning_Visitor,3,False,41,1837.204167,30.620069450000003,0.027642276,0.066547107,0.0,0.0,High_Potential
8910,Nov,11,Returning_Visitor,2,False,38,1326.430556,22.107175933333334,0.005263158,0.016666667,0.0,0.0,High_Potential
8911,Nov,11,Returning_Visitor,10,False,39,2558.5,42.641666666666666,0.0,0.010810811,0.0,0.0,High_Potential
8916,Nov,11,Returning_Visitor,11,False,48,1052.255952,17.5375992,0.004347826,0.013043478,0.0,0.0,High_Potential
8918,Nov,11,Returning_Visitor,1,True,63,3301.222222,55.02037036666666,0.006451613,0.03016129,0.0,0.0,High_Potential
8919,Dec,12,Returning_Visitor,2,False,98,1887.232143,31.453869049999998,0.002040816,0.025068027,0.0,0.0,High_Potential
8925,Nov,11,Returning_Visitor,1,True,59,1533.025834,25.550430566666666,0.00721393,0.0322986,6.048714136,0.0,High_Potential
8927,Nov,11,Returning_Visitor,2,False,200,6867.193847,114.45323078333332,0.006408856,0.024587384,0.0,0.0,High_Potential
8928,Dec,12,New_Visitor,2,False,47,1366.058333,22.767638883333333,0.008510638,0.034751773,21.23960367,0.0,High_Potential
8929,Nov,11,Returning_Visitor,1,False,227,6854.604365,114.24340608333334,0.005701754,0.020960781,0.0,0.0,High_Potential
8951,Dec,12,Returning_Visitor,3,False,59,2004.371491,33.40619151666667,0.008695652,0.030961792,0.0,0.0,High_Potential
8952,Nov,11,Returning_Visitor,2,False,74,3817.203846,63.6200641,0.0,0.020533333,0.0,0.0,High_Potential
8961,Nov,11,Returning_Visitor,1,True,54,3978.245833,66.30409721666666,0.003846154,0.024807692,0.0,0.0,High_Potential
8965,Nov,11,Returning_Visitor,2,False,140,4817.369546,80.28949243333334,0.002684564,0.009552573,11.97037051,0.0,High_Potential
8969,Nov,11,Returning_Visitor,1,True,95,2989.780952,49.82968253333333,0.005882353,0.014513583,12.74039337,0.0,High_Potential
8974,Dec,12,Returning_Visitor,1,True,42,1931.630952,32.1938492,0.0,0.008333333,0.0,0.0,High_Potential
8977,Dec,12,Returning_Visitor,2,False,82,1805.277375,30.087956249999998,0.0,0.023295607,0.0,0.0,High_Potential
8984,Nov,11,Returning_Visitor,1,True,97,2811.47807,46.85796783333333,0.002749141,0.015832106,0.0,0.0,High_Potential
8991,Nov,11,Returning_Visitor,10,True,42,1022.384615,17.039743583333333,0.014634146,0.031939605,0.0,0.0,High_Potential
8997,Nov,11,Returning_Visitor,2,False,111,3971.515278,66.1919213,0.009009009,0.024725635,0.0,0.0,High_Potential
9003,Nov,11,Returning_Visitor,2,True,118,5250.891667,87.51486111666667,0.001626016,0.014905149,0.0,0.0,High_Potential
9004,Nov,11,Returning_Visitor,11,False,72,2494.8171,41.580285,0.002777778,0.013842593,0.0,0.0,High_Potential
9005,Nov,11,Returning_Visitor,1,False,229,8866.167386,147.76945643333332,0.007143733,0.024304152,0.0,0.0,High_Potential
9011,Nov,11,Returning_Visitor,2,False,84,3646.083333,60.76805555,0.006896552,0.016803503,66.57412378,0.0,High_Potential
9015,Dec,12,Returning_Visitor,2,False,78,2207.366936,36.78944893333333,0.002380952,0.012458392,0.0,0.0,High_Potential
9016,Nov,11,New_Visitor,8,False,91,1746.108683,29.10181138333333,0.0,0.00428729,0.0,0.0,High_Potential
9021,Dec,12,New_Visitor,2,False,48,1199.160606,19.986010099999998,0.0,0.00070922,0.0,0.0,High_Potential
9027,Nov,11,Returning_Visitor,10,True,56,755.4178922,12.590298203333333,0.001724138,0.015842912,0.0,0.0,High_Potential
9028,Nov,11,Returning_Visitor,2,False,125,3507.010877,58.450181283333336,0.005645161,0.013874153,0.0,0.0,High_Potential
9035,Nov,11,Returning_Visitor,2,False,275,9139.496696,152.32494493333334,0.00625,0.018539498,0.0,0.0,High_Potential
9036,Dec,12,Returning_Visitor,2,False,49,938.0416667,15.634027778333332,0.00375,0.010664683,0.0,0.0,High_Potential
9037,Nov,11,Returning_Visitor,13,False,38,1806.558333,30.10930555,0.005128205,0.026495726,7.150073241,0.0,High_Potential
9039,Nov,11,Returning_Visitor,3,False,45,1296.0,21.6,0.0,0.013333333,0.0,0.0,High_Potential
9043,Nov,11,Returning_Visitor,1,False,54,2864.633333,47.743888883333334,0.012295082,0.024020297,7.448242868,0.0,High_Potential
9044,Nov,11,Returning_Visitor,2,False,77,4130.937879,68.84896465,0.011219512,0.029260777,43.99403085,0.0,High_Potential
9045,Dec,12,Returning_Visitor,2,False,77,3586.833333,59.78055555,0.0,0.012575758,0.0,0.0,High_Potential
9053,Dec,12,New_Visitor,2,False,44,1502.291667,25.03819445,0.004545455,0.027272727,0.0,0.0,High_Potential
9056,Dec,12,Returning_Visitor,6,False,49,572.061039,9.53435065,0.004,0.027944444,0.0,0.0,High_Potential
9057,Nov,11,Returning_Visitor,8,False,46,1098.524802,18.308746699999997,0.007083333,0.016529882,0.0,0.0,High_Potential
9058,Nov,11,Returning_Visitor,3,False,134,5889.730504,98.16217506666666,0.028910577,0.053431066,0.0,0.0,High_Potential
9059,Nov,11,Returning_Visitor,2,False,96,3541.324493,59.02207488333333,0.010550214,0.020522711,0.0,0.0,High_Potential
9064,Dec,12,Returning_Visitor,1,False,100,2781.125,46.35208333333333,0.012,0.037666667,0.0,0.0,High_Potential
9066,Nov,11,Returning_Visitor,2,False,95,2500.128052,41.668800866666665,0.005342081,0.011832634,0.0,0.0,High_Potential
9069,Nov,11,Returning_Visitor,13,False,106,3163.096825,52.718280416666666,0.011664747,0.021393867,1.307682317,0.0,High_Potential
9072,Nov,11,Returning_Visitor,6,True,55,1984.025,33.067083333333336,0.0,0.003486395,0.0,0.0,High_Potential
9078,Nov,11,Returning_Visitor,10,True,62,3142.941176,52.38235293333333,0.003037975,0.019685462,7.311892217,0.0,High_Potential
9080,Nov,11,Returning_Visitor,13,False,55,3227.483333,53.79138888333333,0.003636364,0.016363636,0.0,0.0,High_Potential
9082,Dec,12,Returning_Visitor,2,False,72,5251.382738,87.52304563333334,0.0,0.009969093,13.77521629,0.0,High_Potential
9086,Dec,12,Returning_Visitor,10,True,48,1686.354994,28.105916566666668,0.020408163,0.033747213,0.0,0.0,High_Potential
9106,Nov,11,Returning_Visitor,10,True,89,3236.865632,53.94776053333333,0.012544803,0.027526998,7.329008963,0.0,High_Potential
9109,Nov,11,Returning_Visitor,2,False,58,2492.22402,41.537067,0.008939014,0.025864237,0.0,0.0,High_Potential
9111,Dec,12,Returning_Visitor,2,False,48,3972.0,66.2,0.0,0.020991254,0.0,0.0,High_Potential
9123,Dec,12,Returning_Visitor,3,False,38,531.0369048,8.85061508,0.0,0.027916667,0.0,0.0,High_Potential
9124,Nov,11,Returning_Visitor,1,False,49,1494.083333,24.901388883333333,0.001257862,0.028773585,0.0,0.0,High_Potential
9125,Nov,11,Returning_Visitor,1,True,59,3478.75,57.979166666666664,0.0,0.013559322,0.0,0.0,High_Potential
9128,Dec,12,Returning_Visitor,2,True,94,4620.088889,77.00148148333332,0.002150538,0.010752688,0.0,0.0,High_Potential
9135,Dec,12,Returning_Visitor,3,False,85,3344.958929,55.74931548333333,0.002325581,0.012754534,0.0,0.0,High_Potential
9147,Nov,11,Returning_Visitor,2,False,55,3328.903752,55.481729200000004,0.007936508,0.014212018,38.60204838,0.0,High_Potential
9150,Dec,12,Returning_Visitor,1,False,42,3556.516667,59.27527778333333,0.0,0.00968254,26.98362279,0.0,High_Potential
9151,Dec,12,Returning_Visitor,2,True,60,2335.125,38.91875,0.0015625,0.01875,0.0,0.0,High_Potential
9156,Dec,12,Returning_Visitor,1,False,119,7609.82065,126.83034416666666,0.0032,0.015231111,0.0,0.0,High_Potential
9159,Nov,11,Returning_Visitor,2,True,88,2085.972565,34.76620941666667,0.0,0.006273946,0.0,0.0,High_Potential
9163,Nov,11,Returning_Visitor,6,True,81,2237.757205,37.29595341666666,0.007231405,0.018203638,3.0265717,0.0,High_Potential
9164,Nov,11,Returning_Visitor,2,False,200,6671.290144,111.18816906666666,0.003458896,0.012152531,0.0,0.0,High_Potential
9168,Nov,11,Returning_Visitor,1,False,93,3422.525,57.04208333333334,0.020408163,0.039301175,0.0,0.0,High_Potential
9169,Nov,11,Returning_Visitor,10,True,76,1777.520455,29.62534091666667,0.008,0.025492063,0.0,0.0,High_Potential
9177,Nov,11,Returning_Visitor,2,True,73,1606.30825,26.771804166666666,0.010295359,0.019108884,0.0,0.0,High_Potential
9178,Dec,12,New_Visitor,2,False,65,1828.733333,30.478888883333333,0.002985075,0.018017058,0.0,0.0,High_Potential
9179,Dec,12,Returning_Visitor,3,True,93,3009.042857,50.15071428333333,0.003617021,0.018145897,6.992767815,0.0,High_Potential
9182,Nov,11,Returning_Visitor,13,False,144,5485.017857,91.41696428333333,0.005517241,0.0165084,0.0,0.0,High_Potential
9201,Dec,12,Returning_Visitor,1,False,48,1916.873737,31.947895616666663,0.017391304,0.050362319,0.0,0.0,High_Potential
9203,Dec,12,Returning_Visitor,1,True,51,6505.333333,108.42222221666665,0.036,0.050333333,0.0,0.0,High_Potential
9208,Nov,11,New_Visitor,2,True,94,2807.149729,46.78582881666667,0.0,0.002777778,0.0,0.0,High_Potential
9211,Nov,11,Returning_Visitor,2,False,40,1186.141667,19.769027783333335,0.0,0.013821138,0.0,0.0,High_Potential
9215,Nov,11,Returning_Visitor,3,False,38,876.3,14.604999999999999,0.0,0.0175,0.0,0.0,High_Potential
9218,Dec,12,Returning_Visitor,13,True,49,1196.25,19.9375,0.007843137,0.018954248,0.0,0.0,High_Potential
9224,Nov,11,Returning_Visitor,8,True,44,2038.052273,33.967537883333335,0.007719298,0.028421053,0.0,0.0,High_Potential
9228,Dec,12,New_Visitor,8,True,50,999.8333333,16.663888888333336,0.0,0.009,0.0,0.0,High_Potential
9233,Dec,12,Returning_Visitor,2,False,121,4218.074847,70.30124744999999,0.009985097,0.026514442,0.624510388,0.0,High_Potential
9235,Nov,11,Returning_Visitor,10,True,97,1940.293452,32.3382242,0.01717251,0.032369194,0.0,0.0,High_Potential
9238,Dec,12,Returning_Visitor,2,False,343,29970.46597,499.50776616666667,0.005315857,0.02897116,0.0,0.0,High_Potential
9245,Nov,11,Returning_Visitor,2,True,103,3626.003223,60.43338705,0.00751634,0.035131628,0.0,0.0,High_Potential
9248,Nov,11,Returning_Visitor,13,True,245,7569.248612,126.15414353333334,0.007646236,0.016468484,4.770910365,0.0,High_Potential
9249,Nov,11,Returning_Visitor,3,False,122,3492.316304,58.20527173333333,0.006547137,0.015792367,86.57772177,0.0,High_Potential
9251,Dec,12,Returning_Visitor,2,False,39,2207.757143,36.79595238333333,0.009756098,0.023577236,0.0,0.0,High_Potential
9252,Nov,11,New_Visitor,8,True,41,1119.854167,18.664236116666665,0.004545455,0.012045455,27.03986205,0.0,High_Potential
9261,Dec,12,Returning_Visitor,2,False,60,2606.779545,43.44632575,0.006666667,0.021944444,0.0,0.0,High_Potential
9264,Dec,12,Returning_Visitor,2,False,66,1514.83631,25.247271833333333,0.022887324,0.044913928,0.0,0.0,High_Potential
9279,Nov,11,Returning_Visitor,2,False,45,2033.845238,33.89742063333333,0.0,0.007154088,21.23244876,0.0,High_Potential
9284,Nov,11,Returning_Visitor,1,False,88,2366.192105,39.43653508333333,0.01247191,0.030501264,0.0,0.0,High_Potential
9294,Nov,11,Returning_Visitor,1,False,45,1660.0,27.666666666666668,0.022727273,0.0375,0.0,0.0,High_Potential
9300,Nov,11,Returning_Visitor,10,True,116,3184.815705,53.08026175,0.00015674,0.022635468,0.0,0.0,High_Potential
9304,Dec,12,Returning_Visitor,2,False,45,801.05,13.350833333333332,0.004444444,0.019444444,0.0,0.0,High_Potential
9307,Dec,12,Returning_Visitor,2,False,82,1853.286538,30.888108966666667,0.0,0.015957265,11.01940759,0.0,High_Potential
9311,Dec,12,Returning_Visitor,2,False,68,2435.74375,40.595729166666665,0.002564103,0.01555896,0.0,0.0,High_Potential
9313,Nov,11,Returning_Visitor,1,False,49,2259.047619,37.65079365,0.008163265,0.034693878,0.0,0.0,High_Potential
9315,Nov,11,Returning_Visitor,3,True,38,1338.778571,22.312976183333333,0.011111111,0.024532828,0.0,0.0,High_Potential
9316,Nov,11,Returning_Visitor,3,False,94,3085.25,51.420833333333334,0.0,0.00609319,0.0,0.0,High_Potential
9317,Nov,11,Returning_Visitor,2,False,107,3723.529739,62.058828983333335,0.001094276,0.01972313,0.0,0.0,High_Potential
9319,Nov,11,Returning_Visitor,1,True,50,1317.795833,21.963263883333333,0.01,0.021469506,0.0,0.0,High_Potential
9321,Nov,11,Returning_Visitor,11,True,53,661.4455285,11.024092141666667,0.000754717,0.006528045,0.0,0.0,High_Potential
9322,Dec,12,Returning_Visitor,1,False,96,1949.647252,32.49412086666667,0.00742268,0.014405743,0.0,0.0,High_Potential
9323,Nov,11,Returning_Visitor,1,True,51,1544.855159,25.747585983333334,0.012244898,0.027755102,0.0,0.0,High_Potential
9326,Dec,12,Returning_Visitor,1,True,49,3247.583333,54.126388883333334,0.025531915,0.037163121,0.0,0.0,High_Potential
9327,Nov,11,Returning_Visitor,3,True,71,1733.658333,28.894305550000002,0.0,0.002898551,0.0,0.0,High_Potential
9330,Dec,12,Returning_Visitor,1,False,130,3376.027564,56.26712606666667,0.007518797,0.029169274,0.0,0.0,High_Potential
9332,Nov,11,Returning_Visitor,2,False,71,2582.699717,43.044995283333336,0.0,0.013853727,6.733744751,0.0,High_Potential
9333,Nov,11,Returning_Visitor,3,True,50,2428.35,40.4725,0.020512821,0.041868132,9.442927064,0.0,High_Potential
9334,Nov,11,Returning_Visitor,2,False,137,4045.726634,67.42877723333334,0.009993099,0.021710569,0.0,0.0,High_Potential
9340,Nov,11,Returning_Visitor,2,True,91,4155.620833,69.26034721666666,0.002553191,0.022150056,0.0,0.0,High_Potential
9344,Dec,12,Returning_Visitor,1,True,39,1056.511364,17.608522733333334,0.02,0.031666667,0.0,0.0,High_Potential
9351,Dec,12,Returning_Visitor,20,False,52,1423.790476,23.729841266666664,0.005454545,0.008484848,0.0,0.0,High_Potential
9353,Nov,11,Returning_Visitor,2,True,60,1548.08631,25.8014385,0.006349206,0.025925926,22.92341151,0.0,High_Potential
9362,Nov,11,Returning_Visitor,2,True,97,1835.556213,30.59260355,0.019984314,0.031314735,0.0,0.0,High_Potential
9364,Nov,11,Returning_Visitor,2,False,51,946.3934211,15.773223685,0.02254902,0.035630252,10.37175846,0.0,High_Potential
9366,Dec,12,Returning_Visitor,2,True,41,2303.183333,38.38638888333333,0.005714286,0.015873016,0.0,0.0,High_Potential
9375,Dec,12,Returning_Visitor,2,False,42,2239.363889,37.322731483333335,0.02,0.035454545,0.0,0.0,High_Potential
9381,Nov,11,Returning_Visitor,3,False,40,1202.916667,20.048611116666667,0.015813953,0.048604651,0.0,0.0,High_Potential
9382,Nov,11,Returning_Visitor,2,False,101,2681.998105,44.69996841666667,0.010185185,0.021374201,4.195335178,0.0,High_Potential
9386,Nov,11,Returning_Visitor,13,False,150,4760.778303,79.34630505,0.01212528,0.019068861,0.0,0.0,High_Potential
9389,Nov,11,Returning_Visitor,2,True,117,3228.502137,53.80836895,0.005932203,0.018995891,0.0,0.0,High_Potential
9390,Nov,11,Returning_Visitor,2,False,45,2018.3,33.638333333333335,0.005681818,0.030822511,0.0,0.0,High_Potential
9400,Nov,11,Returning_Visitor,2,True,222,9049.534024,150.82556706666668,0.008536232,0.018457454,10.66936985,0.0,High_Potential
9402,Nov,11,Returning_Visitor,2,True,186,5106.262991,85.10438318333333,0.003723404,0.023642242,0.0,0.0,High_Potential
9412,Nov,11,Returning_Visitor,2,False,110,4096.712716,68.27854526666667,0.002654867,0.011061947,0.0,0.0,High_Potential
9415,Nov,11,Returning_Visitor,2,True,51,1364.266667,22.737777783333335,0.007692308,0.011987179,0.0,0.0,High_Potential
9419,Dec,12,Returning_Visitor,2,False,46,1621.025379,27.01708965,0.004081633,0.020544218,6.02352321,0.0,High_Potential
9424,Nov,11,Returning_Visitor,6,False,79,2431.242995,40.52071658333333,0.0,0.005590278,0.0,0.0,High_Potential
9431,Dec,12,Returning_Visitor,2,False,62,1243.17619,20.719603166666666,0.006451613,0.00983871,0.0,0.0,High_Potential
9436,Dec,12,Returning_Visitor,3,False,43,1990.125,33.16875,0.001162791,0.024031008,6.889766003,0.0,High_Potential
9438,Dec,12,Returning_Visitor,1,False,67,2413.754403,40.22924005,0.006153846,0.01030303,0.0,0.0,High_Potential
9441,Nov,11,Returning_Visitor,2,True,130,3313.455754,55.22426256666667,0.007633588,0.028972728,0.0,0.0,High_Potential
9446,Nov,11,Returning_Visitor,2,False,47,3954.95,65.91583333333332,0.006,0.023714286,0.0,0.0,High_Potential
9448,Nov,11,Returning_Visitor,2,False,47,3993.833333,66.56388888333333,0.002040816,0.043171115,0.0,0.0,High_Potential
9455,Dec,12,Returning_Visitor,2,True,67,3397.957955,56.63263258333333,0.0,0.015504136,0.0,0.0,High_Potential
9458,Nov,11,Returning_Visitor,2,False,51,2003.375779,33.38959631666667,0.0,0.008874272,44.33548922,0.0,High_Potential
9463,Nov,11,Returning_Visitor,3,False,40,974.0833333,16.23472222166667,0.006837607,0.028205128,0.0,0.0,High_Potential
9465,Dec,12,Returning_Visitor,2,False,38,2666.066667,44.43444445,0.002272727,0.016576479,17.06291074,0.0,High_Potential
9467,Dec,12,Returning_Visitor,2,False,63,3445.0125,57.416875,0.011897436,0.028190306,0.0,0.0,High_Potential
9475,Dec,12,Returning_Visitor,1,True,113,3770.021698,62.83369496666667,0.008004926,0.019004516,14.85051676,0.0,High_Potential
9476,Dec,12,Returning_Visitor,1,False,135,5520.175505,92.00292508333334,0.002962963,0.010258137,0.0,0.0,High_Potential
9481,Nov,11,Returning_Visitor,2,False,52,2983.358135,49.722635583333336,0.010112994,0.017261259,17.4767153,0.0,High_Potential
9483,Dec,12,Returning_Visitor,1,False,238,10340.36916,172.339486,0.002419355,0.016345046,3.851653215,0.0,High_Potential
9484,Nov,11,Returning_Visitor,2,False,167,8701.851617,145.03086028333334,0.002401067,0.012477354,0.0,0.0,High_Potential
9486,Nov,11,Returning_Visitor,2,True,133,4885.049069,81.41748448333333,0.002962963,0.008689192,15.95538838,0.0,High_Potential
9490,Nov,11,Returning_Visitor,2,False,65,5410.956705,90.18261174999999,0.002898551,0.019031516,0.0,0.0,High_Potential
9491,Nov,11,Returning_Visitor,13,True,46,1679.666667,27.99444445,0.012,0.026,0.0,0.0,High_Potential
9493,Nov,11,Returning_Visitor,1,False,43,914.2294372,15.237157286666667,0.013636364,0.025762987,0.0,0.0,High_Potential
9501,Dec,12,Returning_Visitor,3,False,55,2780.609524,46.34349206666666,0.019242424,0.045272727,9.137331307,0.0,High_Potential
9505,Dec,12,Returning_Visitor,2,False,45,2336.319444,38.938657400000004,0.020833333,0.039236111,0.0,0.0,High_Potential
9506,Nov,11,Returning_Visitor,13,False,45,747.0428571,12.450714285,0.017777778,0.031296296,0.0,0.0,High_Potential
9507,Nov,11,Returning_Visitor,10,False,52,1090.385281,18.173088016666668,0.006479313,0.039161584,5.539900181,0.0,High_Potential
9508,Dec,12,Returning_Visitor,1,False,44,1975.825,32.930416666666666,0.0,0.032142857,0.0,0.0,High_Potential
9522,Nov,11,Returning_Visitor,2,True,91,2056.106981,34.26844968333333,0.008888889,0.023937057,0.0,0.0,High_Potential
9526,Nov,11,Returning_Visitor,2,False,39,1406.95,23.449166666666667,0.01533101,0.039562226,5.606382766,0.0,High_Potential
9527,Nov,11,Returning_Visitor,2,False,64,3757.079762,62.617996033333334,0.012254902,0.022009804,18.88360212,0.0,High_Potential
9529,Nov,11,Returning_Visitor,2,False,69,1002.104167,16.701736116666666,0.0,0.013140097,0.0,0.0,High_Potential
9535,Dec,12,Returning_Visitor,2,False,64,1690.778409,28.17964015,0.014285714,0.025219349,0.0,0.0,High_Potential
9539,Dec,12,Returning_Visitor,1,False,111,8684.983333,144.74972221666667,0.002678571,0.019613095,3.696136038,0.0,High_Potential
9543,Dec,12,Returning_Visitor,2,False,53,1899.058333,31.650972216666666,0.004938272,0.007694004,14.16739222,0.0,High_Potential
9556,Nov,11,Returning_Visitor,13,False,61,1964.847222,32.7474537,0.021311475,0.041065574,0.0,0.0,High_Potential
9560,Nov,11,Returning_Visitor,1,False,39,4022.0,67.03333333333333,0.0,0.034188034,0.0,0.0,High_Potential
9563,Dec,12,Returning_Visitor,3,False,91,2434.144872,40.5690812,0.002020202,0.019021966,10.51901813,0.0,High_Potential
9572,Nov,11,Returning_Visitor,2,True,139,6566.867562,109.44779270000001,0.003477444,0.015531015,67.39709637,0.0,High_Potential
9575,Nov,11,Returning_Visitor,2,True,38,1370.038095,22.83396825,0.0,0.004444444,0.0,0.0,High_Potential
9576,Nov,11,Returning_Visitor,2,False,337,11835.10389,197.2517315,0.005228377,0.015719446,0.0,0.0,High_Potential
9582,Nov,11,Returning_Visitor,2,False,55,3057.045833,50.95076388333334,0.011666667,0.018737892,0.0,0.0,High_Potential
9593,Nov,11,Returning_Visitor,13,True,99,2171.547149,36.192452483333334,0.016281269,0.029507982,4.495585092,0.0,High_Potential
9595,Dec,12,Returning_Visitor,2,False,141,4310.775,71.84625,0.001408451,0.013891039,0.0,0.0,High_Potential
9601,Dec,12,Returning_Visitor,1,False,56,3327.537566,55.458959433333334,0.006578947,0.022060248,0.0,0.0,High_Potential
9603,Nov,11,Returning_Visitor,1,False,95,2625.185014,43.75308356666667,0.003,0.027077656,2.815539375,0.0,High_Potential
9619,Nov,11,Returning_Visitor,1,True,44,737.1819347,12.286365578333335,0.005581395,0.023137121,0.0,0.0,High_Potential
9624,Nov,11,Returning_Visitor,2,True,51,742.9603175,12.382671958333333,0.003921569,0.012121212,0.0,0.0,High_Potential
9628,Nov,11,Returning_Visitor,1,False,41,857.2666667,14.287777778333332,0.012195122,0.0242741,5.850665427,0.0,High_Potential
9630,Nov,11,Returning_Visitor,2,True,51,1346.630231,22.443837183333336,0.007126437,0.029719534,0.0,0.0,High_Potential
9635,Nov,11,Returning_Visitor,2,False,72,4140.333766,69.00556276666666,0.001315789,0.024597953,0.0,0.0,High_Potential
9638,Nov,11,Returning_Visitor,10,True,64,1911.610665,31.86017775,0.0125,0.026739194,0.0,0.0,High_Potential
9641,Nov,11,Returning_Visitor,1,False,38,1593.583333,26.559722216666668,0.0,0.010526316,0.0,0.0,High_Potential
9643,Nov,11,Returning_Visitor,2,False,77,4350.647321,72.51078868333335,0.012727273,0.023842532,14.38546841,0.0,High_Potential
9645,Nov,11,Returning_Visitor,2,False,49,663.5277778,11.058796296666666,0.0,0.005319149,0.0,0.0,High_Potential
9646,Dec,12,Returning_Visitor,2,False,42,1717.666667,28.627777783333332,0.001960784,0.029981326,0.0,0.0,High_Potential
9649,Dec,12,Returning_Visitor,10,True,38,1859.382937,30.98971561666667,0.004545455,0.009090909,0.0,0.0,High_Potential
9652,Dec,12,Returning_Visitor,2,False,53,3372.748214,56.212470233333335,0.003773585,0.002515723,0.0,0.0,High_Potential
9653,Dec,12,Returning_Visitor,10,True,53,1328.626894,22.143781566666668,0.017857143,0.022238793,0.0,0.0,High_Potential
9675,Nov,11,Returning_Visitor,1,False,83,3091.146033,51.51910055,0.004938272,0.019075614,0.0,0.0,High_Potential
9688,Nov,11,Returning_Visitor,2,True,179,10415.78364,173.596394,0.002551834,0.020876741,18.08361086,0.0,High_Potential
9690,Dec,12,Returning_Visitor,2,False,85,2409.875,40.16458333333333,0.006818182,0.017267562,10.1319644,0.0,High_Potential
9691,Dec,12,Returning_Visitor,1,False,52,2004.708333,33.411805550000004,0.0,0.019337607,0.0,0.0,High_Potential
9696,Nov,11,Returning_Visitor,2,True,41,979.375,16.322916666666668,0.004651163,0.009302326,0.0,0.0,High_Potential
9704,Dec,12,Returning_Visitor,1,False,113,8041.58887,134.02648116666666,0.007936508,0.026808161,0.0,0.0,High_Potential
9705,Nov,11,Returning_Visitor,2,False,172,7017.192635,116.95321058333334,0.001396648,0.019865374,0.0,0.0,High_Potential
9706,Dec,12,Returning_Visitor,2,False,38,1244.35,20.739166666666666,0.039473684,0.053909774,0.0,0.0,High_Potential
9709,Nov,11,Returning_Visitor,3,False,351,8650.048771,144.16747951666667,0.012452132,0.027372411,1.984555788,0.0,High_Potential
9712,Dec,12,Returning_Visitor,2,False,54,1986.553118,33.109218633333334,0.005128205,0.019939049,25.82676446,0.0,High_Potential
9719,Dec,12,Returning_Visitor,3,False,70,1787.479365,29.79132275,0.004285714,0.019809524,0.0,0.0,High_Potential
9723,Nov,11,Returning_Visitor,10,False,94,2332.109524,38.86849206666667,0.001030928,0.009450172,0.0,0.0,High_Potential
9730,Nov,11,Returning_Visitor,3,True,64,1602.94026,26.715671,0.013432836,0.028731343,29.88386066,0.0,High_Potential
9731,Nov,11,Returning_Visitor,2,True,66,1646.612195,27.443536583333334,0.007142857,0.029065112,0.0,0.0,High_Potential
9732,Dec,12,New_Visitor,11,False,41,1824.083333,30.401388883333333,0.0,0.01,0.0,0.0,High_Potential
9735,Nov,11,Returning_Visitor,2,False,53,1768.657051,29.477617516666665,0.0,0.003921569,0.0,0.0,High_Potential
9737,Nov,11,Returning_Visitor,3,False,70,2346.220238,39.10367063333333,0.002898551,0.003457557,0.0,0.0,High_Potential
9739,Dec,12,Returning_Visitor,13,False,49,1929.185664,32.1530944,0.017486339,0.025063352,2.580028334,0.0,High_Potential
9742,Nov,11,Returning_Visitor,2,False,138,4172.11572,69.535262,0.0,0.008337205,17.63434621,0.0,High_Potential
9746,Nov,11,Returning_Visitor,2,True,81,2537.807082,42.296784699999996,0.013793103,0.028674678,0.0,0.0,High_Potential
9748,Nov,11,Returning_Visitor,1,False,55,3494.06746,58.23445766666667,0.0,0.029188713,4.007065498,0.0,High_Potential
9755,Dec,12,Returning_Visitor,3,False,166,6850.499335,114.17498891666668,0.0,0.017541022,4.115853586,0.0,High_Potential
9763,Nov,11,Returning_Visitor,1,False,66,2060.508333,34.341805550000004,0.005797101,0.022567288,0.0,0.0,High_Potential
9767,Nov,11,Returning_Visitor,10,False,64,2264.091667,37.73486111666667,0.00625,0.008854167,0.0,0.0,High_Potential
9773,Dec,12,Returning_Visitor,1,False,66,3391.68588,56.528098,0.028955224,0.038335618,0.0,0.0,High_Potential
9775,Dec,12,Returning_Visitor,1,False,41,1423.833333,23.730555550000002,0.007317073,0.030243902,0.0,0.0,High_Potential
9780,Nov,11,Returning_Visitor,10,False,154,6759.311928,112.65519880000001,0.005767417,0.02883646,0.0,0.0,High_Potential
9783,Dec,12,Returning_Visitor,2,True,50,1404.459091,23.407651516666665,0.013,0.044,0.0,0.0,High_Potential
9788,Nov,11,Returning_Visitor,2,False,69,2517.216667,41.95361111666667,0.000342466,0.021765601,0.0,0.0,High_Potential
9789,Nov,11,Returning_Visitor,3,False,63,3060.055556,51.00092593333333,0.024623656,0.03604734,0.0,0.0,High_Potential
9800,Nov,11,Returning_Visitor,13,False,49,2990.3125,49.838541666666664,0.012244898,0.038231293,0.0,0.0,High_Potential
9806,Nov,11,Returning_Visitor,10,False,349,6879.801826,114.66336376666666,0.000568182,0.004306345,1.625051033,0.0,High_Potential
9807,Dec,12,Returning_Visitor,2,False,112,2237.603885,37.29339808333334,0.003933137,0.019128308,0.0,0.0,High_Potential
9810,Nov,11,Returning_Visitor,2,False,48,1256.291667,20.93819445,0.003846154,0.016570513,29.76290794,0.0,High_Potential
9814,Dec,12,Returning_Visitor,2,False,41,1130.80754,18.846792333333333,0.019047619,0.018783069,0.0,0.0,High_Potential
9815,Nov,11,Returning_Visitor,2,False,42,1333.914286,22.231904766666666,0.01,0.01094246,0.0,0.0,High_Potential
9817,Dec,12,Returning_Visitor,1,False,40,1085.333333,18.088888883333333,0.0075,0.045,0.0,0.0,High_Potential
9820,Nov,11,New_Visitor,2,False,70,2002.25,33.37083333333333,0.0,0.004166667,0.0,0.0,High_Potential
9829,Dec,12,Returning_Visitor,2,False,69,2766.942172,46.115702866666666,0.002816901,0.028665325,5.931332852,0.0,High_Potential
9833,Dec,12,New_Visitor,2,False,100,1831.149084,30.5191514,0.0,0.000505051,0.0,0.0,High_Potential
9839,Nov,11,Returning_Visitor,2,True,64,1716.583333,28.60972221666667,0.012121212,0.019444444,0.0,0.0,High_Potential
9842,Dec,12,Returning_Visitor,1,False,67,1982.523611,33.042060183333334,0.004411765,0.010971792,0.0,0.0,High_Potential
9852,Dec,12,New_Visitor,2,True,41,1021.519444,17.025324066666666,0.009302326,0.017829457,0.0,0.0,High_Potential
9855,Nov,11,Returning_Visitor,13,False,108,8402.715986,140.04526643333332,0.008873457,0.019558305,0.0,0.0,High_Potential
9857,Nov,11,Returning_Visitor,2,True,64,1991.822567,33.19704278333333,0.014830918,0.022398206,21.74053053,0.0,High_Potential
9859,Nov,11,Returning_Visitor,3,False,153,5315.211905,88.58686508333334,0.006174089,0.020586081,0.0,0.0,High_Potential
9860,Nov,11,Returning_Visitor,2,False,230,9648.177094,160.80295156666668,0.004444444,0.015486639,3.359435653,0.0,High_Potential
9875,Dec,12,Returning_Visitor,2,False,42,4126.448611,68.77414351666667,0.000775194,0.013436693,0.0,0.0,High_Potential
9880,Nov,11,Returning_Visitor,6,True,133,3713.580105,61.89300175,0.003381995,0.015889736,28.03795985,0.0,High_Potential
9881,Nov,11,Returning_Visitor,2,False,141,2596.204762,43.270079366666664,0.006103286,0.020121639,0.0,0.0,High_Potential
9889,Dec,12,Returning_Visitor,1,False,59,1309.658333,21.827638883333336,0.017241379,0.030879354,0.0,0.0,High_Potential
9890,Dec,12,Returning_Visitor,2,False,100,2852.013141,47.53355235,0.000444444,0.024301656,0.0,0.0,High_Potential
9894,Dec,12,Returning_Visitor,1,False,137,3770.916071,62.84860118333334,0.003165468,0.014745252,0.0,0.0,High_Potential
9901,Nov,11,Returning_Visitor,1,True,423,17086.23424,284.7705706666667,0.006293706,0.02159902,0.25272174,0.0,High_Potential
9906,Nov,11,Returning_Visitor,2,False,38,1355.366667,22.58944445,0.0,0.009259259,0.0,0.0,High_Potential
9915,Nov,11,Returning_Visitor,3,False,52,1616.54816,26.942469333333335,0.0,0.003685897,0.0,0.0,High_Potential
9918,Nov,11,Returning_Visitor,2,True,156,8613.257312,143.55428853333333,0.006289308,0.015117319,0.0,0.0,High_Potential
9920,Dec,12,Returning_Visitor,1,False,60,1449.608333,24.16013888333333,0.004545455,0.011320346,0.0,0.0,High_Potential
9922,Nov,11,Returning_Visitor,2,True,61,4081.041667,68.01736111666666,0.0,0.019375,0.0,0.0,High_Potential
9930,Nov,11,Returning_Visitor,2,True,280,9247.383869,154.1230644833333,0.003424658,0.016184197,7.983438638,0.0,High_Potential
9933,Nov,11,Returning_Visitor,10,True,88,2638.244429,43.97074048333333,0.004395604,0.022464739,8.27583441,0.0,High_Potential
9935,Dec,12,Returning_Visitor,2,True,40,3789.583333,63.159722216666665,0.0,0.023170732,0.0,0.0,High_Potential
9941,Nov,11,Returning_Visitor,2,False,58,2021.320833,33.68868055,0.005172414,0.031609195,0.0,0.0,High_Potential
9945,Nov,11,Returning_Visitor,3,True,68,2614.209722,43.57016203333333,0.0,0.006942149,0.0,0.0,High_Potential
9947,Dec,12,Returning_Visitor,1,True,39,1020.013889,17.000231483333334,0.005405405,0.014226044,0.0,0.0,High_Potential
9951,Dec,12,Returning_Visitor,1,False,258,5154.777093,85.91295154999999,0.002316602,0.011675429,0.0,0.0,High_Potential
9956,Nov,11,Returning_Visitor,2,False,103,3608.346752,60.13911253333333,0.0,0.007905605,14.69960115,0.0,High_Potential
9959,Dec,12,Returning_Visitor,10,False,62,2350.667857,39.177797616666666,0.007452575,0.033986814,79.48403933,0.0,High_Potential
9961,Nov,11,Returning_Visitor,3,True,69,1310.636905,21.843948416666667,0.010869565,0.032793149,0.0,0.0,High_Potential
9962,Nov,11,Returning_Visitor,1,True,44,1398.390775,23.30651291666667,0.017391304,0.026402848,10.57361945,0.0,High_Potential
9963,Nov,11,Returning_Visitor,3,True,197,2915.571429,48.59285715,0.0,0.005025126,1.573423226,0.0,High_Potential
9967,Nov,11,Returning_Visitor,2,True,50,3002.902778,50.04837963333333,0.002083333,0.013611111,0.0,0.0,High_Potential
9969,Nov,11,Returning_Visitor,2,False,107,6235.06603,103.91776716666666,0.005309735,0.016223404,0.0,0.0,High_Potential
9972,Nov,11,Returning_Visitor,2,False,63,1361.203175,22.686719583333335,0.0,0.014761905,0.0,0.0,High_Potential
9973,Nov,11,Returning_Visitor,1,True,82,2375.114286,39.5852381,0.007058824,0.031764706,0.0,0.0,High_Potential
9976,Nov,11,Returning_Visitor,8,True,169,8276.292565,137.93820941666667,0.002406417,0.016051967,8.174728678,0.0,High_Potential
9978,Dec,12,Returning_Visitor,2,False,39,1858.833333,30.980555550000002,0.001515152,0.011818182,50.17693633,0.0,High_Potential
9981,Nov,11,Returning_Visitor,2,False,58,1992.717308,33.21195513333333,0.008955224,0.015829187,0.0,0.0,High_Potential
9982,Nov,11,Returning_Visitor,1,False,85,3642.066026,60.70110043333333,0.007777778,0.029549858,5.052145956,0.0,High_Potential
9985,Nov,11,Returning_Visitor,2,False,52,2120.630952,35.3438492,0.0,0.011965812,0.0,0.0,High_Potential
9986,Nov,11,New_Visitor,2,False,52,1725.966667,28.766111116666664,0.0,0.031188811,0.0,0.0,High_Potential
9987,Dec,12,Returning_Visitor,6,False,58,1200.5,20.008333333333333,0.002298851,0.017816092,17.98756852,0.0,High_Potential
9992,Dec,12,Returning_Visitor,2,False,68,1587.765598,26.462759966666667,0.0,0.010045837,0.0,0.0,High_Potential
10001,Dec,12,Returning_Visitor,2,False,80,1903.081639,31.718027316666667,0.007228916,0.032248996,0.0,0.0,High_Potential
10002,Nov,11,Returning_Visitor,13,True,42,2872.125,47.86875,0.0025,0.025777778,0.0,0.0,High_Potential
10004,Dec,12,Returning_Visitor,1,False,53,4048.583333,67.47638888333333,0.007843137,0.015490196,0.0,0.0,High_Potential
10014,Dec,12,Returning_Visitor,2,True,59,5004.229167,83.40381945,0.006779661,0.034387947,0.0,0.0,High_Potential
10026,Dec,12,Returning_Visitor,2,True,40,1159.5671,19.326118333333334,0.0,0.016324111,12.48912129,0.0,High_Potential
10033,Nov,11,Returning_Visitor,3,True,61,1749.842262,29.164037699999998,0.015196078,0.02894958,0.0,0.0,High_Potential
10035,Nov,11,New_Visitor,2,False,49,1512.574405,25.209573416666668,0.0,0.007188359,0.0,0.0,High_Potential
10036,Nov,11,Returning_Visitor,1,False,147,4254.666667,70.91111111666667,0.008445946,0.01925038,0.0,0.0,High_Potential
10039,Dec,12,Returning_Visitor,2,False,41,1383.661111,23.061018516666664,0.002790698,0.011436389,0.0,0.0,High_Potential
10042,Nov,11,Returning_Visitor,2,False,81,2833.814103,47.230235050000005,0.00021645,0.025137085,0.0,0.0,High_Potential
10044,Dec,12,Returning_Visitor,2,True,114,3788.8,63.14666666666667,0.003478261,0.010434783,1.795451001,0.0,High_Potential
10048,Dec,12,Returning_Visitor,10,False,90,1322.004437,22.033407283333336,0.0,0.00547491,16.87878625,0.0,High_Potential
10056,Dec,12,Returning_Visitor,2,False,89,3296.602091,54.943368183333334,0.00326087,0.017287492,0.0,0.0,High_Potential
10057,Nov,11,Returning_Visitor,2,False,39,1426.583333,23.776388883333333,0.0,0.020731707,3.941736143,0.0,High_Potential
10058,Nov,11,Returning_Visitor,2,False,132,6725.66369,112.09439483333334,0.003731343,0.01286425,0.0,0.0,High_Potential
10073,Nov,11,Returning_Visitor,8,True,70,5778.966667,96.31611111666666,0.005921856,0.023453364,0.0,0.0,High_Potential
10079,Dec,12,Returning_Visitor,2,False,65,6203.690476,103.39484126666666,0.007395833,0.027280668,0.0,0.0,High_Potential
10087,Nov,11,Returning_Visitor,2,False,120,3283.715359,54.728589316666664,0.004651163,0.024543027,2.442153455,0.0,High_Potential
10089,Nov,11,Returning_Visitor,2,True,120,3934.201024,65.57001706666667,0.002459016,0.023646,8.788976395,0.0,High_Potential
10091,Dec,12,Returning_Visitor,3,True,41,4373.847619,72.89746031666667,0.00232288,0.033787661,0.0,0.0,High_Potential
10102,Nov,11,Returning_Visitor,13,True,68,3974.534501,66.24224168333333,0.013513514,0.019008442,0.0,0.0,High_Potential
10105,Dec,12,Returning_Visitor,6,False,139,3891.214286,64.85357143333333,0.001973684,0.011184211,86.79082569,0.0,High_Potential
10107,Nov,11,Returning_Visitor,3,True,79,2006.834416,33.44724026666667,0.002531646,0.006439185,0.0,0.0,High_Potential
10110,Nov,11,Returning_Visitor,2,True,48,1252.561414,20.876023566666667,0.014038462,0.024738632,0.0,0.0,High_Potential
10113,Nov,11,Returning_Visitor,2,True,61,1740.052778,29.000879633333334,0.007179487,0.023796204,14.62413644,0.0,High_Potential
10121,Dec,12,Returning_Visitor,2,False,40,735.5151515,12.258585858333333,0.0,0.015547416,0.0,0.0,High_Potential
10127,Dec,12,Returning_Visitor,1,False,50,1870.791667,31.179861116666665,0.002641509,0.024025157,0.0,0.0,High_Potential
10129,Dec,12,Returning_Visitor,1,False,59,1954.754167,32.57923611666667,0.0,0.003225806,0.0,0.0,High_Potential
10134,Nov,11,Returning_Visitor,11,True,67,2162.840879,36.04734798333333,0.007407407,0.018259847,0.548811351,0.0,High_Potential
10135,Nov,11,Returning_Visitor,2,False,105,5254.158333,87.56930555000001,0.001869159,0.017589264,0.0,0.0,High_Potential
10150,Nov,11,Returning_Visitor,3,False,58,1599.5,26.658333333333335,0.0,0.007142857,0.0,0.0,High_Potential
10153,Nov,11,Returning_Visitor,1,False,108,4590.431277,76.50718794999999,0.005555556,0.022751323,0.0,0.0,High_Potential
10158,Dec,12,Returning_Visitor,1,False,174,5602.593506,93.37655843333333,0.0,0.009057596,0.0,0.0,High_Potential
10167,Nov,11,Returning_Visitor,3,True,47,1073.31002,17.888500333333333,0.004787234,0.029749907,0.0,0.0,High_Potential
10168,Dec,12,Returning_Visitor,2,False,312,13379.36658,222.989443,0.002769231,0.014969192,8.055833998,0.0,High_Potential
10171,Nov,11,Returning_Visitor,11,True,87,2504.870761,41.74784601666667,0.019555912,0.036429937,0.0,0.0,High_Potential
10175,Nov,11,Returning_Visitor,1,False,108,3279.238428,54.6539738,0.012037037,0.030709877,0.0,0.0,High_Potential
10179,Nov,11,Returning_Visitor,13,True,67,2891.744571,48.19574285,0.013235294,0.023901833,0.0,0.0,High_Potential
10181,Nov,11,Returning_Visitor,3,False,39,983.1388889,16.385648148333335,0.015384615,0.017599068,0.0,0.0,High_Potential
10184,Nov,11,Returning_Visitor,1,False,76,1523.57803,25.392967166666665,0.012987013,0.021101928,0.0,0.0,High_Potential
10189,Dec,12,New_Visitor,2,False,51,1141.066667,19.017777783333333,0.003571429,0.011093074,0.0,0.0,High_Potential
10201,Dec,12,Returning_Visitor,1,False,79,4218.916667,70.31527778333334,0.012820513,0.028846154,0.0,0.0,High_Potential
10202,Nov,11,Returning_Visitor,2,False,144,5757.853961,95.96423268333334,0.002968037,0.014030074,0.0,0.0,High_Potential
10206,Dec,12,New_Visitor,2,False,91,4766.021032,79.43368386666666,0.0,0.009213483,0.0,0.0,High_Potential
10208,Dec,12,Returning_Visitor,1,True,78,4716.572619,78.60954364999999,0.011494253,0.026155811,0.0,0.0,High_Potential
10212,Dec,12,Returning_Visitor,1,False,58,2451.058466,40.850974433333334,0.012365591,0.022769886,0.0,0.0,High_Potential
10219,Dec,12,Returning_Visitor,1,False,75,1677.805952,27.963432533333332,0.006578947,0.023128655,0.0,0.0,High_Potential
10220,Nov,11,Returning_Visitor,2,False,39,1177.291667,19.62152778333333,0.002564103,0.01965812,0.0,0.0,High_Potential
10225,Dec,12,Returning_Visitor,10,False,171,9119.885413,151.99809021666667,0.00441989,0.021627971,0.686565227,0.0,High_Potential
10227,Nov,11,Returning_Visitor,2,False,48,1053.952381,17.565873016666668,0.005434783,0.009815547,0.0,0.0,High_Potential
10228,Nov,11,Returning_Visitor,2,True,146,8150.556716,135.84261193333333,0.001290323,0.01127957,1.842913617,0.0,High_Potential
10229,Nov,11,Returning_Visitor,1,False,40,1385.666667,23.09444445,0.005,0.0225,0.0,0.0,High_Potential
10242,Nov,11,Returning_Visitor,3,False,85,2112.101515,35.20169191666666,0.003529412,0.014196078,0.0,0.0,High_Potential
10244,Nov,11,Returning_Visitor,2,True,266,9770.812093,162.84686821666668,0.007348856,0.024720163,0.245152903,0.0,High_Potential
10245,Dec,12,Returning_Visitor,2,False,43,2754.117424,45.90195706666667,0.0046875,0.033875153,13.68108942,0.0,High_Potential
10246,Nov,11,Returning_Visitor,1,False,45,1682.25,28.0375,0.026666667,0.057777778,0.0,0.0,High_Potential
10252,Nov,11,New_Visitor,11,False,38,935.0,15.583333333333334,0.0,0.007769424,0.0,0.0,High_Potential
10254,Nov,11,Returning_Visitor,2,False,137,2668.725046,44.478750766666664,0.002138405,0.020907736,0.0,0.0,High_Potential
10256,Nov,11,Returning_Visitor,13,False,52,1543.75,25.729166666666668,0.004166667,0.023639456,0.0,0.0,High_Potential
10265,Nov,11,New_Visitor,2,False,42,2762.408333,46.040138883333334,0.004545455,0.025151515,0.0,0.0,High_Potential
10271,Nov,11,Returning_Visitor,10,False,39,754.3194444,12.571990739999999,0.004651163,0.036124031,0.0,0.0,High_Potential
10272,Nov,11,Returning_Visitor,13,True,68,1806.166667,30.102777783333334,0.004411765,0.027941176,0.0,0.0,High_Potential
10289,Dec,12,Returning_Visitor,1,False,54,1391.733333,23.195555549999998,0.005357143,0.022619048,0.0,0.0,High_Potential
10292,Nov,11,Returning_Visitor,1,False,44,691.252381,11.520873016666666,0.013953488,0.029457364,0.0,0.0,High_Potential
10301,Nov,11,Returning_Visitor,2,False,272,7434.743073,123.91238455,0.00931255,0.022108499,0.0,0.0,High_Potential
10302,Dec,12,Returning_Visitor,8,False,74,8981.580128,149.69300213333332,0.002988954,0.043301833,0.0,0.0,High_Potential
10304,Nov,11,Returning_Visitor,3,False,108,2270.908333,37.848472216666664,0.005504587,0.029663609,0.0,0.0,High_Potential
10308,Nov,11,New_Visitor,2,False,61,1636.466667,27.274444449999997,0.0,0.009289617,0.0,0.0,High_Potential
10311,Nov,11,New_Visitor,2,True,56,2354.958333,39.24930555,0.0,0.018571429,0.0,0.0,High_Potential
10313,Nov,11,Returning_Visitor,2,False,127,4876.007712,81.26679519999999,0.005755396,0.029203072,5.751219035,0.0,High_Potential
10317,Nov,11,Returning_Visitor,10,True,89,2744.541071,45.742351183333334,0.003370787,0.015636704,0.0,0.0,High_Potential
10324,Dec,12,Returning_Visitor,2,False,63,2611.651923,43.52753205,0.0,0.002985075,0.0,0.0,High_Potential
10327,Nov,11,Returning_Visitor,2,True,61,2440.473611,40.674560183333334,0.00625,0.014867424,12.58179402,0.0,High_Potential
10329,Nov,11,Returning_Visitor,3,False,72,3752.66697,62.544449500000006,0.007042254,0.007280349,0.0,0.0,High_Potential
10335,Dec,12,Returning_Visitor,3,False,102,3284.5,54.74166666666667,0.003921569,0.010359477,0.0,0.0,High_Potential
10347,Nov,11,Returning_Visitor,1,True,55,4156.9,69.28166666666667,0.018787879,0.05352381,0.0,0.0,High_Potential
10357,Nov,11,Returning_Visitor,10,False,68,2822.172118,47.03620196666667,0.003105023,0.023152976,0.0,0.0,High_Potential
10360,Nov,11,Returning_Visitor,10,False,58,2528.287431,42.13812385000001,0.001318681,0.005582418,5.552517289,0.0,High_Potential
10365,Dec,12,Returning_Visitor,2,False,86,1789.954762,29.832579366666668,0.002298851,0.012426564,5.523782302,0.0,High_Potential
10366,Dec,12,Returning_Visitor,8,False,44,2284.488095,38.07480158333333,0.0,0.003359173,0.0,0.0,High_Potential
10367,Nov,11,Returning_Visitor,2,False,141,6481.483333,108.02472221666667,0.0,0.019984285,1.257438906,0.0,High_Potential
10372,Nov,11,Returning_Visitor,2,False,207,5160.451362,86.0075227,0.002296651,0.013407291,0.0,0.0,High_Potential
10378,Dec,12,Returning_Visitor,2,False,39,2555.994444,42.5999074,0.005263158,0.005668016,0.0,0.0,High_Potential
10384,Dec,12,Returning_Visitor,2,False,41,1933.244444,32.22074073333333,0.006079027,0.021222361,0.0,0.0,High_Potential
10394,Nov,11,Returning_Visitor,1,True,56,656.7681818,10.946136363333332,0.0,0.006941639,0.0,0.0,High_Potential
10397,Nov,11,Returning_Visitor,3,False,47,2455.147619,40.91912698333333,0.007407407,0.023703704,0.0,0.0,High_Potential
10402,Dec,12,Returning_Visitor,1,True,126,5276.227193,87.93711988333332,0.011548556,0.033933258,0.0,0.0,High_Potential
10405,Dec,12,Returning_Visitor,2,False,79,3497.214286,58.286904766666666,0.003448276,0.012643678,32.59864309,0.0,High_Potential
10406,Nov,11,Returning_Visitor,2,False,71,2065.838165,34.43063608333333,0.006103286,0.015796946,0.0,0.0,High_Potential
10407,Nov,11,Returning_Visitor,2,False,81,1441.910588,24.031843133333332,0.002469136,0.013932981,2.76959892,0.0,High_Potential
10408,Nov,11,Returning_Visitor,3,False,50,2330.727381,38.84545635,0.023809524,0.031399417,0.0,0.0,High_Potential
10411,Nov,11,Returning_Visitor,1,False,74,2719.734091,45.32890151666666,0.008108108,0.024324324,0.0,0.0,High_Potential
10414,Nov,11,Returning_Visitor,10,True,62,2038.772727,33.97954545,0.007070707,0.0254662,17.60269465,0.0,High_Potential
10422,Dec,12,New_Visitor,2,False,41,1130.92619,18.848769833333332,0.0,0.015447154,0.0,0.0,High_Potential
10437,Dec,12,Returning_Visitor,2,True,43,760.875,12.68125,0.018412698,0.036790123,0.0,0.0,High_Potential
10449,Nov,11,Returning_Visitor,1,False,116,5389.883333,89.83138888333333,0.009565217,0.020786749,0.0,0.0,High_Potential
10454,Nov,11,Returning_Visitor,2,False,60,1316.434982,21.940583033333333,0.003125,0.014393939,0.0,0.0,High_Potential
10455,Dec,12,Returning_Visitor,2,False,60,2719.654762,45.32757936666667,0.006557377,0.012080406,0.0,0.0,High_Potential
10459,Dec,12,Returning_Visitor,1,False,114,3616.008121,60.26680201666667,0.004093567,0.013535432,0.0,0.0,High_Potential
10462,Nov,11,Returning_Visitor,1,False,45,2984.130952,49.73551586666667,0.004255319,0.02141844,0.0,0.0,High_Potential
10475,Nov,11,Returning_Visitor,1,False,69,1238.586029,20.643100483333335,0.018571429,0.045269841,0.0,0.0,High_Potential
10478,Nov,11,Returning_Visitor,2,False,57,1836.775,30.612916666666667,0.0,0.004093567,0.0,0.0,High_Potential
10483,Nov,11,Returning_Visitor,11,False,41,451.7142857,7.528571428333334,0.007692308,0.018376068,0.0,0.0,High_Potential
10487,Nov,11,Returning_Visitor,2,False,57,2689.291667,44.82152778333333,0.003571429,0.0275,0.0,0.0,High_Potential
10499,Nov,11,Returning_Visitor,2,False,188,8618.031872,143.63386453333334,0.003454411,0.019765654,0.0,0.0,High_Potential
10510,Nov,11,Returning_Visitor,1,False,90,1996.565909,33.276098483333335,0.013684211,0.027807876,0.0,0.0,High_Potential
10517,Dec,12,Returning_Visitor,8,True,45,2904.922294,48.415371566666664,0.0,0.011870748,0.0,0.0,High_Potential
10523,Nov,11,Returning_Visitor,3,False,48,691.3572797,11.522621328333335,0.034873188,0.082209406,0.0,0.0,High_Potential
10526,Dec,12,Returning_Visitor,2,False,65,1931.512121,32.19186868333333,0.0,0.025128205,0.0,0.0,High_Potential
10538,Dec,12,Returning_Visitor,10,True,86,2351.834722,39.19724536666667,0.002061856,0.020836197,0.335232374,0.0,High_Potential
10540,Nov,11,Returning_Visitor,1,False,164,5767.465043,96.12441738333334,0.003636364,0.009348691,52.38420388,0.0,High_Potential
10542,Dec,12,New_Visitor,2,False,69,2464.294444,41.07157406666667,0.0,0.000544218,0.0,0.0,High_Potential
10544,Nov,11,New_Visitor,2,False,38,1787.395833,29.78993055,0.004824561,0.031871345,0.0,0.0,High_Potential
10545,Dec,12,Returning_Visitor,10,False,55,1139.638889,18.993981483333336,0.003508772,0.03245614,6.190582078,0.0,High_Potential
10548,Dec,12,Returning_Visitor,3,False,71,2086.666667,34.777777783333335,0.005555556,0.019907407,0.0,0.0,High_Potential
10552,Nov,11,Returning_Visitor,1,False,39,1299.5,21.658333333333335,0.004878049,0.021138211,0.0,0.0,High_Potential
10558,Dec,12,Returning_Visitor,2,False,61,1407.446429,23.457440483333336,0.000533333,0.019203175,0.0,0.0,High_Potential
10571,Dec,12,Returning_Visitor,3,False,190,3679.128882,61.3188147,0.0,0.005951258,8.421921428,0.0,High_Potential
10576,Nov,11,Returning_Visitor,2,False,141,2834.697619,47.24496031666667,0.009684685,0.020551802,0.0,0.0,High_Potential
10578,Nov,11,Returning_Visitor,1,True,55,946.3636364,15.772727273333334,0.010909091,0.025454545,0.0,0.0,High_Potential
10583,Nov,11,Returning_Visitor,3,True,52,1380.166667,23.002777783333332,0.007692308,0.023076923,21.10579025,0.0,High_Potential
10586,Nov,11,Returning_Visitor,2,False,50,1784.516667,29.741944450000002,0.0016,0.020593939,0.0,0.0,High_Potential
10594,Nov,11,Returning_Visitor,2,False,82,3247.433333,54.12388888333333,0.002439024,0.012804878,0.0,0.0,High_Potential
10604,Dec,12,Returning_Visitor,2,False,68,2162.657393,36.044289883333335,0.006527627,0.02055132,0.0,0.0,High_Potential
10616,Nov,11,Returning_Visitor,1,True,107,3074.852778,51.247546299999996,0.015454545,0.026239965,0.0,0.0,High_Potential
10619,Nov,11,Returning_Visitor,11,False,71,2487.061777,41.451029616666666,0.001013514,0.015591693,0.0,0.0,High_Potential
10621,Nov,11,Returning_Visitor,2,False,39,2310.083333,38.501388883333334,0.005769231,0.02702758,27.03298037,0.0,High_Potential
10625,Nov,11,Returning_Visitor,2,False,53,2634.476245,43.90793741666666,0.000943396,0.016429608,0.0,0.0,High_Potential
10628,Dec,12,Returning_Visitor,2,False,48,1777.702381,29.628373016666668,0.0,0.021538462,14.74449646,0.0,High_Potential
10630,Nov,11,Returning_Visitor,2,True,43,1825.557143,30.425952383333332,0.0,0.018115942,0.0,0.0,High_Potential
10635,Nov,11,Returning_Visitor,2,False,82,6858.672122,114.31120203333333,0.002409639,0.013380361,0.0,0.0,High_Potential
10640,Nov,11,Returning_Visitor,3,True,205,4295.305066,71.58841776666667,0.001746725,0.008801049,177.5288252,0.0,High_Potential
10641,Dec,12,Returning_Visitor,6,False,83,5124.691667,85.41152778333334,0.0,0.011196593,35.25420124,0.0,High_Potential
10643,Dec,12,Returning_Visitor,2,False,87,2467.256349,41.12093915,0.000189394,0.019568765,11.6803149,0.0,High_Potential
10646,Nov,11,New_Visitor,2,False,39,902.6527778,15.044212963333333,0.0,0.008852259,0.0,0.0,High_Potential
10647,Dec,12,New_Visitor,8,False,47,1330.375,22.172916666666666,0.004347826,0.015450311,0.0,0.0,High_Potential
10648,Nov,11,Returning_Visitor,1,False,71,1714.778571,28.579642850000003,0.018333333,0.035661897,0.0,0.0,High_Potential
10651,Dec,12,Returning_Visitor,3,False,44,1026.450758,17.107512633333332,0.004651163,0.037364341,0.0,0.0,High_Potential
10655,Nov,11,Returning_Visitor,2,True,57,3696.225342,61.6037557,0.007017544,0.037615417,0.0,0.0,High_Potential
10657,Dec,12,Returning_Visitor,1,False,45,1739.25,28.9875,0.014666667,0.0178,0.0,0.0,High_Potential
10660,Dec,12,Returning_Visitor,2,False,40,765.0416667,12.750694444999999,0.010731707,0.023436807,0.0,0.0,High_Potential
10661,Nov,11,Returning_Visitor,13,False,49,1256.383333,20.939722216666667,0.025133333,0.046907359,0.0,0.0,High_Potential
10665,Nov,11,Returning_Visitor,3,False,39,1002.491667,16.70819445,0.01875,0.033796296,0.0,0.0,High_Potential
10673,Nov,11,Returning_Visitor,1,False,47,1889.953409,31.49922348333333,0.014814815,0.028251029,0.0,0.0,High_Potential
10674,Dec,12,Returning_Visitor,1,True,213,8125.852288,135.43087146666667,0.002790698,0.017631698,0.0,0.0,High_Potential
10678,Dec,12,Returning_Visitor,2,False,65,2008.900974,33.481682899999996,0.001449275,0.02037037,17.43149651,0.0,High_Potential
10682,Nov,11,Returning_Visitor,2,True,120,4173.131061,69.55218435,0.006716418,0.027927974,9.269827963,0.0,High_Potential
10683,Nov,11,Returning_Visitor,2,False,48,2849.482143,47.49136905,0.0,0.014853801,4.741626063,0.0,High_Potential
10685,Dec,12,Returning_Visitor,10,False,57,3079.083333,51.318055550000004,0.005847953,0.012907268,0.0,0.0,High_Potential
10689,Dec,12,Returning_Visitor,2,True,40,1352.833333,22.54722221666667,0.002,0.015733333,0.0,0.0,High_Potential
10694,Nov,11,Returning_Visitor,2,False,80,3734.958333,62.24930555,0.0025,0.026547619,0.0,0.0,High_Potential
10699,Nov,11,Returning_Visitor,13,False,42,1766.833333,29.447222216666667,0.023015873,0.062641723,0.0,0.0,High_Potential
10705,Dec,12,Returning_Visitor,2,False,83,2355.682738,39.26137896666667,0.002873563,0.022487296,0.0,0.0,High_Potential
10708,Dec,12,Returning_Visitor,1,False,54,1210.921324,20.182022066666665,0.005454545,0.008671329,0.0,0.0,High_Potential
10713,Dec,12,Returning_Visitor,1,False,77,1903.601743,31.726695716666665,0.003151515,0.029314358,0.0,0.0,High_Potential
10714,Dec,12,Returning_Visitor,1,False,75,1585.60873,26.426812166666664,0.005063291,0.021603376,0.0,0.0,High_Potential
10717,Dec,12,Returning_Visitor,2,False,40,978.0916667,16.301527778333334,0.001136364,0.016060606,0.0,0.0,High_Potential
10719,Nov,11,New_Visitor,2,True,48,4293.833333,71.56388888333332,0.008333333,0.034166667,0.0,0.0,High_Potential
10731,Dec,12,Returning_Visitor,1,False,44,1254.112179,20.90186965,0.007092199,0.030129179,0.0,0.0,High_Potential
10739,Nov,11,Returning_Visitor,1,True,40,1699.583333,28.326388883333333,0.023076923,0.033799534,0.0,0.0,High_Potential
10740,Dec,12,Returning_Visitor,2,False,39,935.0972222,15.584953703333333,0.005128205,0.015042735,0.0,0.0,High_Potential
10752,Nov,11,Returning_Visitor,2,True,73,2371.371545,39.52285908333333,0.013333333,0.033805229,0.0,0.0,High_Potential
10753,Nov,11,Returning_Visitor,2,False,85,3881.79359,64.69655983333334,0.00453159,0.039115224,0.0,0.0,High_Potential
10754,Nov,11,Returning_Visitor,3,True,57,1761.285714,29.354761900000003,0.006896552,0.022220854,0.0,0.0,High_Potential
10771,Nov,11,Returning_Visitor,13,False,45,1478.07381,24.634563500000002,0.020454545,0.038636364,0.0,0.0,High_Potential
10773,Dec,12,New_Visitor,2,False,49,711.3630952,11.856051586666666,0.0,0.002040816,0.0,0.0,High_Potential
10774,Nov,11,Returning_Visitor,3,False,99,3881.938907,64.69898178333334,0.001851852,0.026820988,10.12959599,0.0,High_Potential
10776,Dec,12,Returning_Visitor,2,False,59,1125.904762,18.765079366666665,0.0,0.014043584,0.0,0.0,High_Potential
10777,Dec,12,Returning_Visitor,2,False,42,1610.783197,26.846386616666667,0.009090909,0.017794258,4.646503212,0.0,High_Potential
10778,Nov,11,Returning_Visitor,2,False,114,3488.070803,58.134513383333335,8.14e-05,0.022685492,5.698711043,0.0,High_Potential
10800,Dec,12,Returning_Visitor,1,True,45,1218.030952,20.300515866666668,0.023333333,0.047679739,0.0,0.0,High_Potential
10801,Dec,12,Returning_Visitor,2,False,40,1358.874152,22.647902533333333,0.016571429,0.019758242,10.0674357,0.0,High_Potential
10807,Dec,12,Returning_Visitor,1,False,40,720.4257937,12.007096561666666,0.0,0.015259259,0.0,0.0,High_Potential
10808,Nov,11,Returning_Visitor,2,False,38,2370.729167,39.512152783333335,0.015384615,0.030433925,0.0,0.0,High_Potential
10816,Nov,11,Returning_Visitor,2,False,131,5619.384897,93.65641495,0.01294547,0.035488294,3.61382908,0.0,High_Potential
10818,Nov,11,Returning_Visitor,2,True,51,1655.358333,27.58930555,0.0,0.013071895,0.0,0.0,High_Potential
10819,Dec,12,Returning_Visitor,1,False,91,3511.833059,58.530550983333335,0.002247191,0.007151775,0.0,0.0,High_Potential
10823,Dec,12,New_Visitor,2,True,108,2367.4,39.45666666666667,0.0,0.003773585,0.0,0.0,High_Potential
10824,Dec,12,Returning_Visitor,2,False,162,8596.669979,143.27783298333333,0.005075446,0.012349829,1.469693253,0.0,High_Potential
10835,Nov,11,Returning_Visitor,2,False,177,4041.734915,67.36224858333334,0.002247191,0.010759765,9.419346491,0.0,High_Potential
10837,Dec,12,Returning_Visitor,2,False,98,3986.789646,66.44649410000001,0.006122449,0.027110844,0.0,0.0,High_Potential
10855,Nov,11,Returning_Visitor,2,False,57,1091.005876,18.183431266666666,0.007017544,0.027875244,0.0,0.0,High_Potential
10857,Nov,11,Returning_Visitor,2,False,42,1743.517857,29.05863095,0.0,0.012804878,0.0,0.0,High_Potential
10858,Dec,12,Returning_Visitor,1,False,47,2986.916667,49.78194445,0.022278912,0.044557823,0.0,0.0,High_Potential
10861,Nov,11,Returning_Visitor,1,False,46,797.8333333,13.297222221666667,0.0,0.02384058,0.0,0.0,High_Potential
10862,Dec,12,Returning_Visitor,2,False,91,2345.58914,39.093152333333336,0.002749141,0.012841597,51.27258615,0.0,High_Potential
10867,Nov,11,Returning_Visitor,2,False,39,1174.666667,19.57777778333333,0.01,0.040833333,0.0,0.0,High_Potential
10873,Nov,11,Returning_Visitor,2,False,63,1242.661699,20.711028316666667,0.011911765,0.02691802,0.0,0.0,High_Potential
10890,Dec,12,Returning_Visitor,3,False,48,1361.63442,22.693907000000003,0.010204082,0.01728863,14.5218625,0.0,High_Potential
10894,Nov,11,Returning_Visitor,1,True,128,6483.0804,108.05134,0.003307888,0.012517824,3.83397413,0.0,High_Potential
10895,Nov,11,Returning_Visitor,3,False,43,686.8789683,11.447982805,0.004761905,0.012581699,0.0,0.0,High_Potential
10896,Nov,11,Returning_Visitor,1,False,49,1550.916667,25.848611116666667,0.016,0.041333333,0.0,0.0,High_Potential
10897,Nov,11,Returning_Visitor,2,False,74,3105.365207,51.75608678333333,0.015789474,0.022261905,0.0,0.0,High_Potential
10909,Nov,11,Returning_Visitor,10,False,65,1267.502814,21.125046899999997,0.004545455,0.021632395,0.0,0.0,High_Potential
10910,Dec,12,Returning_Visitor,2,True,41,2997.083333,49.95138888333334,0.004878049,0.021138211,36.8670177,0.0,High_Potential
10912,Nov,11,Returning_Visitor,1,False,247,10415.32566,173.588761,0.011229304,0.029681426,0.0,0.0,High_Potential
10916,Nov,11,Returning_Visitor,2,False,122,3068.062904,51.134381733333335,0.01312,0.016953816,0.0,0.0,High_Potential
10920,Nov,11,Returning_Visitor,2,False,65,2863.400427,47.72334045,0.003125,0.011346726,0.0,0.0,High_Potential
10922,Dec,12,Returning_Visitor,2,False,77,1069.97381,17.832896833333333,0.002531646,0.012466437,0.0,0.0,High_Potential
10924,Nov,11,Returning_Visitor,1,False,162,5918.308915,98.63848191666666,0.004790419,0.019256933,0.0,0.0,High_Potential
10928,Nov,11,Returning_Visitor,3,False,79,1608.214286,26.80357143333333,0.002597403,0.007748918,0.0,0.0,High_Potential
10933,Nov,11,New_Visitor,8,False,50,2473.196429,41.21994048333333,0.0,0.013301282,0.0,0.0,High_Potential
10936,Nov,11,Returning_Visitor,10,True,40,1473.658333,24.560972216666666,0.0,0.031153846,0.0,0.0,High_Potential
10937,Nov,11,Returning_Visitor,13,False,56,4681.420833,78.02368055000001,0.007118644,0.022668819,0.0,0.0,High_Potential
10938,Dec,12,Returning_Visitor,3,False,89,1938.996646,32.31661076666667,0.003863636,0.01808048,0.0,0.0,High_Potential
10939,Dec,12,Returning_Visitor,1,True,55,3165.958333,52.76597221666667,0.005660377,0.032620545,0.0,0.0,High_Potential
10944,Nov,11,Returning_Visitor,1,True,58,1470.629167,24.510486116666666,0.011111111,0.015396825,0.0,0.0,High_Potential
10949,Nov,11,Returning_Visitor,8,True,44,1410.428571,23.507142849999997,0.008695652,0.026086957,0.0,0.0,High_Potential
10964,Nov,11,Returning_Visitor,2,True,43,1866.107143,31.101785716666665,0.0,0.025,0.0,0.0,High_Potential
10967,Nov,11,Returning_Visitor,1,True,39,2447.548611,40.79247685,0.028354978,0.057999382,5.291989149,0.0,High_Potential
10970,Nov,11,Returning_Visitor,2,False,61,1669.988095,27.833134916666666,0.008064516,0.025778523,0.0,0.0,High_Potential
10978,Nov,11,Returning_Visitor,3,True,40,2128.416667,35.47361111666667,0.004761905,0.019047619,0.0,0.0,High_Potential
10979,Dec,12,Returning_Visitor,2,False,47,1117.642857,18.62738095,0.00754717,0.019339623,0.0,0.0,High_Potential
10983,Nov,11,Returning_Visitor,3,False,51,2786.916667,46.44861111666667,0.003921569,0.011764706,0.0,0.0,High_Potential
10986,Dec,12,Returning_Visitor,2,False,45,2028.172619,33.802876983333334,0.004347826,0.020652174,0.0,0.0,High_Potential
10989,Dec,12,Returning_Visitor,2,False,51,2767.97619,46.1329365,0.003846154,0.030128205,0.0,0.0,High_Potential
10990,Nov,11,Returning_Visitor,3,False,74,3237.114166,53.95190276666666,0.002702703,0.009113578,0.0,0.0,High_Potential
10991,Dec,12,Returning_Visitor,2,False,47,1708.625,28.477083333333333,0.008695652,0.01884058,5.909295033,0.0,High_Potential
10998,Nov,11,Returning_Visitor,1,False,41,1066.339286,17.77232143333333,0.012195122,0.043292683,0.0,0.0,High_Potential
10999,Nov,11,Returning_Visitor,2,False,116,3363.182143,56.05303571666666,0.000420168,0.014048347,0.0,0.0,High_Potential
11001,Dec,12,Returning_Visitor,7,True,59,1843.187696,30.719794933333333,0.014385965,0.041993382,5.71562257,0.0,High_Potential
11004,Dec,12,Returning_Visitor,1,False,56,1167.321429,19.45535715,0.004761905,0.018915344,0.0,0.0,High_Potential
11006,Nov,11,Returning_Visitor,2,True,43,1457.113095,24.28521825,0.023809524,0.04015873,0.0,0.0,High_Potential
11010,Dec,12,New_Visitor,2,False,40,694.0178571,11.566964285000001,0.005,0.0175,0.0,0.0,High_Potential
11011,Nov,11,Returning_Visitor,2,True,56,1531.920136,25.532002266666666,0.011507937,0.017881096,0.0,0.0,High_Potential
11012,Nov,11,Returning_Visitor,2,True,50,2147.983333,35.799722216666666,0.012285714,0.024768116,0.0,0.0,High_Potential
11013,Dec,12,Returning_Visitor,1,False,47,3573.472222,59.55787036666666,0.003773585,0.012006861,34.85660705,0.0,High_Potential
11016,Nov,11,Returning_Visitor,2,False,72,3559.375,59.322916666666664,0.008571429,0.023797619,0.0,0.0,High_Potential
11024,Nov,11,Returning_Visitor,2,True,124,3197.290064,53.28816773333333,0.010320513,0.01989345,7.059929851,0.0,High_Potential
11026,Dec,12,Returning_Visitor,2,False,62,2587.150595,43.119176583333335,0.008333333,0.013161376,0.0,0.0,High_Potential
11029,Nov,11,New_Visitor,2,False,69,2499.990079,41.66650131666667,0.0,0.007608395,0.0,0.0,High_Potential
11034,Dec,12,Returning_Visitor,2,False,107,2589.881537,43.16469228333334,0.010601564,0.019627539,0.0,0.0,High_Potential
11036,Dec,12,Returning_Visitor,2,False,45,1142.195833,19.036597216666667,0.0,0.024444444,0.0,0.0,High_Potential
11041,Dec,12,Returning_Visitor,2,False,77,1266.094048,21.101567466666665,0.002597403,0.023632241,0.0,0.0,High_Potential
11044,Dec,12,Returning_Visitor,2,True,82,1661.133333,27.68555555,0.02,0.034479167,18.5845777,0.0,High_Potential
11045,Nov,11,New_Visitor,2,True,43,907.5083333,15.125138888333334,0.0,0.002439024,0.0,0.0,High_Potential
11052,Nov,11,New_Visitor,2,True,50,3421.575758,57.02626263333333,0.0,0.012333333,0.0,0.0,High_Potential
11054,Nov,11,Returning_Visitor,2,False,46,2158.5,35.975,0.019565217,0.032246377,0.0,0.0,High_Potential
11055,Dec,12,Returning_Visitor,1,False,117,3484.269118,58.07115196666667,0.0025,0.014375,0.0,0.0,High_Potential
11056,Nov,11,Returning_Visitor,2,False,315,11232.65691,187.2109485,0.003164557,0.019252583,0.0,0.0,High_Potential
11058,Dec,12,Returning_Visitor,2,False,116,2971.435101,49.52391835,0.001858304,0.012303523,3.701618891,0.0,High_Potential
11062,Dec,12,Returning_Visitor,10,False,78,2448.536054,40.80893423333334,0.011898734,0.02841508,0.0,0.0,High_Potential
11066,Dec,12,Returning_Visitor,2,False,48,783.6944444,13.061574073333333,0.012244898,0.01877551,0.0,0.0,High_Potential
11068,Dec,12,Returning_Visitor,1,False,52,1249.481746,20.824695766666665,0.036885246,0.061460507,0.0,0.0,High_Potential
11071,Nov,11,Returning_Visitor,2,False,126,4558.372222,75.97287036666667,0.0,0.00620155,0.0,0.0,High_Potential
11072,Nov,11,Returning_Visitor,2,False,50,2549.534524,42.49224206666667,0.012244898,0.036530612,0.0,0.0,High_Potential
11078,Dec,12,Returning_Visitor,6,True,65,2498.833658,41.64722763333334,0.003174603,0.01005291,0.0,0.0,High_Potential
11087,Nov,11,Returning_Visitor,2,False,143,4081.248718,68.02081196666667,0.002721088,0.01562134,5.376740585,0.0,High_Potential
11096,Nov,11,Returning_Visitor,2,True,231,11246.13379,187.43556316666667,0.001746725,0.010029112,0.0,0.0,High_Potential
11099,Nov,11,Returning_Visitor,2,False,206,8437.099188,140.6183198,0.0,0.006257147,0.0,0.0,High_Potential
11106,Nov,11,Returning_Visitor,2,True,73,2784.8,46.413333333333334,0.002739726,0.015317559,6.135982448,0.0,High_Potential
11111,Dec,12,Returning_Visitor,2,False,43,2209.554876,36.825914600000004,0.01031746,0.022317022,0.0,0.0,High_Potential
11116,Dec,12,Returning_Visitor,2,False,114,3494.831225,58.24718708333333,0.003601695,0.018762198,0.0,0.0,High_Potential
11119,Nov,11,Returning_Visitor,1,False,39,968.0924451,16.134874085,0.01547619,0.023015873,7.497155058,0.0,High_Potential
11125,Dec,12,Returning_Visitor,7,True,59,1669.940186,27.832336433333335,0.004137931,0.011611098,0.0,0.0,High_Potential
11130,Nov,11,Returning_Visitor,2,False,339,16138.2908,268.97151333333335,0.004778942,0.020193811,0.0,0.0,High_Potential
11141,Nov,11,Returning_Visitor,10,False,40,3675.5,61.25833333333333,0.0,0.016666667,0.0,0.0,High_Potential
11164,Nov,11,Returning_Visitor,1,True,46,1143.833333,19.063888883333334,0.009803922,0.014488017,0.0,0.0,High_Potential
11172,Nov,11,Returning_Visitor,11,False,134,6732.124414,112.20207356666667,0.008018648,0.025030224,0.0,0.0,High_Potential
11182,Nov,11,Returning_Visitor,3,False,98,3452.2625,57.53770833333333,0.003543956,0.02462704,0.0,0.0,High_Potential
11184,Nov,11,Returning_Visitor,2,True,89,3614.105147,60.23508578333334,0.006439394,0.020569813,0.0,0.0,High_Potential
11189,Nov,11,Returning_Visitor,1,False,152,7114.798341,118.57997234999999,0.002597403,0.010709751,0.0,0.0,High_Potential
11192,Nov,11,Returning_Visitor,10,False,118,2652.552904,44.209215066666665,0.001652893,0.010020661,0.0,0.0,High_Potential
11193,Nov,11,Returning_Visitor,13,False,61,2190.429367,36.50715611666667,0.013846154,0.038778999,0.0,0.0,High_Potential
11200,Nov,11,Returning_Visitor,3,False,283,9354.484111,155.90806851666667,0.003043735,0.023041703,0.0,0.0,High_Potential
11201,Nov,11,Returning_Visitor,2,True,131,4442.394444,74.03990739999999,0.011678832,0.014283502,0.0,0.0,High_Potential
11207,Nov,11,Returning_Visitor,10,False,66,2780.6,46.343333333333334,0.0,0.016533333,0.0,0.0,High_Potential
11214,Nov,11,Returning_Visitor,3,True,97,3989.485553,66.49142588333333,0.002,0.012201868,0.0,0.0,High_Potential
11215,Nov,11,Returning_Visitor,2,True,89,3401.3,56.68833333333334,0.002222222,0.014835979,5.133911853,0.0,High_Potential
11216,Nov,11,Returning_Visitor,6,False,66,2436.106169,40.601769483333335,0.006036217,0.034560698,12.02904527,0.0,High_Potential
11219,Dec,12,Returning_Visitor,2,True,127,3418.696975,56.978282916666664,0.003900709,0.013700977,2.136325585,0.0,High_Potential
11227,Nov,11,Returning_Visitor,2,False,143,8060.963948,134.34939913333332,0.002923977,0.020798504,0.0,0.0,High_Potential
11233,Dec,12,Returning_Visitor,1,True,62,3688.846861,61.48078101666667,0.016612903,0.027150538,3.663777878,0.0,High_Potential
11235,Nov,11,Returning_Visitor,10,False,59,4165.13869,69.41897816666666,0.008333333,0.017458333,0.0,0.0,High_Potential
11236,Dec,12,New_Visitor,2,False,52,1838.85,30.647499999999997,0.003703704,0.014506173,0.0,0.0,High_Potential
11237,Dec,12,Returning_Visitor,3,False,85,3887.222321,64.78703868333334,0.000595238,0.018506494,0.0,0.0,High_Potential
11238,Nov,11,Returning_Visitor,2,True,82,3174.642793,52.910713216666664,0.004494382,0.012081072,0.0,0.0,High_Potential
11239,Nov,11,Returning_Visitor,10,True,40,700.1277778,11.668796296666667,0.011,0.027788462,0.0,0.0,High_Potential
11244,Nov,11,Returning_Visitor,2,False,53,2019.828571,33.66380951666667,0.007692308,0.015734266,0.0,0.0,High_Potential
11245,Nov,11,Returning_Visitor,2,False,41,716.7916667,11.946527778333332,0.008888889,0.041481481,0.0,0.0,High_Potential
11246,Nov,11,Returning_Visitor,8,True,109,3339.07598,55.65126633333333,0.008181818,0.014582448,0.0,0.0,High_Potential
11252,Nov,11,Returning_Visitor,2,True,55,2570.42619,42.8404365,0.003508772,0.017278044,0.0,0.0,High_Potential
11255,Nov,11,Returning_Visitor,15,True,58,4191.031746,69.85052909999999,0.014583333,0.033093378,1.385791839,0.0,High_Potential
11256,Dec,12,Returning_Visitor,2,False,182,5402.78526,90.046421,0.000968661,0.006829256,16.27511574,0.0,High_Potential
11268,Nov,11,Returning_Visitor,2,False,55,1933.423611,32.22372685,0.001818182,0.017355372,0.0,0.0,High_Potential
11270,Nov,11,Returning_Visitor,2,True,56,2581.355128,43.02258546666667,0.003278689,0.011373326,0.0,0.0,High_Potential
11274,Nov,11,Returning_Visitor,2,False,54,2871.104167,47.851736116666665,0.0,0.021468927,0.0,0.0,High_Potential
11277,Nov,11,Returning_Visitor,1,False,80,1982.884524,33.0480754,0.007594937,0.033499444,0.0,0.0,High_Potential
11278,Dec,12,Returning_Visitor,10,False,104,2856.9936,47.61656,0.016929293,0.041369348,0.0,0.0,High_Potential
11281,Nov,11,Returning_Visitor,10,False,52,3329.1,55.485,0.012231559,0.042469796,0.0,0.0,High_Potential
11289,Nov,11,Returning_Visitor,2,False,65,3186.958333,53.11597221666667,0.011594203,0.019935588,0.0,0.0,High_Potential
11299,Nov,11,Returning_Visitor,10,False,46,930.0141026,15.500235043333333,0.001960784,0.016470588,0.0,0.0,High_Potential
11300,Nov,11,Returning_Visitor,2,False,88,5093.3,84.88833333333334,0.004924242,0.023393841,0.0,0.0,High_Potential
11301,Nov,11,Returning_Visitor,1,False,76,3580.333333,59.67222221666667,0.004819277,0.020522088,12.20780052,0.0,High_Potential
11309,Dec,12,Returning_Visitor,1,False,47,1093.833333,18.230555550000002,0.004444444,0.018518519,0.0,0.0,High_Potential
11312,Nov,11,Returning_Visitor,2,True,92,2716.519048,45.27531746666667,0.006737589,0.037885297,23.7389113,0.0,High_Potential
11315,Dec,12,Returning_Visitor,1,False,141,3274.521154,54.575352566666666,0.0,0.008391608,6.425757643,0.0,High_Potential
11316,Dec,12,Returning_Visitor,10,False,101,4484.669445,74.74449075000001,0.008408408,0.024055759,3.50497054,0.0,High_Potential
11319,Dec,12,Returning_Visitor,13,False,44,646.825,10.780416666666667,0.007407407,0.028851852,0.0,0.0,High_Potential
11320,Nov,11,Returning_Visitor,2,True,61,1617.519048,26.9586508,0.013978495,0.030295699,0.0,0.0,High_Potential
11324,Dec,12,Returning_Visitor,2,False,45,1873.589297,31.22648828333333,0.0,0.007242234,42.26791822,0.0,High_Potential
11332,Nov,11,Returning_Visitor,2,False,73,3585.177579,59.75295965,0.008175105,0.024451608,0.0,0.0,High_Potential
11333,Dec,12,Returning_Visitor,2,False,62,2964.650595,49.41084325,0.010769231,0.026444444,0.0,0.0,High_Potential
11335,Nov,11,Returning_Visitor,1,True,78,3913.98703,65.23311716666666,0.005424955,0.006561181,0.0,0.0,High_Potential
11346,Dec,12,Returning_Visitor,2,False,131,6050.883117,100.84805195,0.002857143,0.012557561,0.0,0.0,High_Potential
11350,Nov,11,New_Visitor,2,False,65,2706.595238,45.10992063333333,0.0,0.022692308,0.0,0.0,High_Potential
11358,Dec,12,Returning_Visitor,2,True,46,1438.1,23.96833333333333,0.004255319,0.017801418,27.86366003,0.0,High_Potential
11364,Dec,12,Returning_Visitor,3,False,38,778.675,12.977916666666665,0.004347826,0.020434783,13.28070081,0.0,High_Potential
11371,Dec,12,Returning_Visitor,2,False,151,4344.919986,72.4153331,0.002531646,0.01196589,0.0,0.0,High_Potential
11375,Nov,11,Returning_Visitor,2,True,186,8425.870475,140.43117458333333,0.003403141,0.015721509,0.0,0.0,High_Potential
11387,Nov,11,Returning_Visitor,13,False,39,1118.833333,18.647222216666666,0.005405405,0.019099099,0.0,0.0,High_Potential
11392,Nov,11,Returning_Visitor,2,False,100,3457.285317,57.62142195,0.006122449,0.028231293,0.0,0.0,High_Potential
11394,Nov,11,Returning_Visitor,2,False,87,4984.542857,83.07571428333334,0.00326087,0.02113009,0.0,0.0,High_Potential
11400,Dec,12,Returning_Visitor,2,False,195,10044.75756,167.412626,0.005025126,0.023180221,0.0,0.0,High_Potential
11407,Nov,11,Returning_Visitor,2,True,83,3708.383949,61.80639915,0.002420052,0.012547833,0.0,0.0,High_Potential
11415,Nov,11,Returning_Visitor,3,False,68,2853.020833,47.550347216666665,0.008823529,0.012826797,0.0,0.0,High_Potential
11417,Dec,12,Returning_Visitor,1,False,43,3606.088889,60.10148148333334,0.009770115,0.043951451,0.0,0.0,High_Potential
11423,Nov,11,Returning_Visitor,11,True,55,2415.416667,40.25694445,0.0,0.019811321,0.0,0.0,High_Potential
11426,Nov,11,Returning_Visitor,1,False,103,2546.856685,42.44761141666667,0.014920635,0.025223356,0.0,0.0,High_Potential
11428,Nov,11,Returning_Visitor,2,False,43,1253.176407,20.886273449999997,0.0,0.01468254,41.53706414,0.0,High_Potential
11450,Nov,11,Returning_Visitor,8,True,42,947.357702,15.789295033333334,0.004347826,0.017294686,0.0,0.0,High_Potential
11459,Nov,11,Returning_Visitor,3,True,74,3487.12471,58.11874516666667,0.002739726,0.009519461,0.0,0.0,High_Potential
11460,Nov,11,Returning_Visitor,2,True,82,11257.1083,187.61847166666666,0.005574913,0.019401736,0.0,0.0,High_Potential
11465,Dec,12,Returning_Visitor,13,True,42,1265.892857,21.098214283333334,0.028253968,0.02856387,0.0,0.0,High_Potential
11474,Nov,11,Returning_Visitor,1,False,68,1212.441667,20.207361116666668,0.002898551,0.014381271,64.4161607,0.0,High_Potential
11476,Dec,12,Returning_Visitor,2,False,96,2478.070833,41.301180550000005,0.007355769,0.018144023,0.0,0.0,High_Potential
11477,Nov,11,Returning_Visitor,2,False,264,10497.15443,174.95257383333333,0.00295026,0.012825542,8.833510027,0.0,High_Potential
11480,Nov,11,Returning_Visitor,13,False,38,1689.708333,28.16180555,0.0125,0.0295,0.0,0.0,High_Potential
11484,Nov,11,Returning_Visitor,1,False,110,4006.359314,66.77265523333332,0.01,0.030496867,11.10333103,0.0,High_Potential
11491,Nov,11,Returning_Visitor,2,False,91,2631.473214,43.857886900000004,0.002747253,0.023321123,0.0,0.0,High_Potential
11496,Dec,12,Returning_Visitor,3,False,48,832.0833333,13.868055555000002,0.038478261,0.064782609,0.0,0.0,High_Potential
11501,Nov,11,Returning_Visitor,2,False,70,1692.257143,28.204285716666668,0.0,0.014555556,0.0,0.0,High_Potential
11505,Nov,11,Returning_Visitor,1,False,40,3998.333333,66.63888888333334,0.002439024,0.041869919,0.0,0.0,High_Potential
11512,Nov,11,Returning_Visitor,2,True,374,12499.37711,208.32295183333332,0.00198939,0.010782459,6.420746096,0.0,High_Potential
11519,Dec,12,Returning_Visitor,1,False,137,3978.626167,66.31043611666666,0.001449275,0.004746377,81.75845837,0.0,High_Potential
11525,Nov,11,Returning_Visitor,11,False,40,2426.266667,40.43777778333333,0.004878049,0.02296748,0.0,0.0,High_Potential
11530,Nov,11,Returning_Visitor,1,True,48,1268.116667,21.135277783333333,0.022902098,0.027788462,0.0,0.0,High_Potential
11538,Nov,11,Returning_Visitor,2,False,66,2544.053571,42.40089285,0.0,0.015920398,62.40576241,0.0,High_Potential
11542,Nov,11,New_Visitor,8,True,81,1778.663263,29.644387716666664,0.0,0.002857143,16.43784656,0.0,High_Potential
11545,Nov,11,Returning_Visitor,13,True,100,2565.797222,42.763287033333334,0.001869159,0.012071651,0.0,0.0,High_Potential
11548,Nov,11,Returning_Visitor,2,True,152,4838.29406,80.63823433333333,0.003046557,0.022523524,0.789591795,0.0,High_Potential
11550,Nov,11,Returning_Visitor,13,True,119,2763.011332,46.050188866666666,0.005367232,0.007566642,0.0,0.0,High_Potential
11554,Dec,12,Returning_Visitor,2,False,87,2903.764417,48.39607361666666,0.00625,0.015280206,1.773369333,0.0,High_Potential
11555,Nov,11,Returning_Visitor,2,False,237,8956.097502,149.26829170000002,0.003094233,0.012109705,0.0,0.0,High_Potential
11561,Nov,11,Returning_Visitor,2,False,117,7468.860173,124.48100288333333,0.012900188,0.020948132,3.014025584,0.0,High_Potential
11567,Dec,12,Returning_Visitor,2,False,48,1249.75,20.829166666666666,0.008333333,0.02046131,0.0,0.0,High_Potential
11573,Nov,11,Returning_Visitor,2,False,81,7514.790476,125.24650793333333,0.003821138,0.021883469,0.0,0.0,High_Potential
11574,Nov,11,Returning_Visitor,1,False,220,10580.34479,176.33907983333333,0.004767742,0.022140924,0.0,0.0,High_Potential
11575,Nov,11,New_Visitor,2,True,55,1170.711048,19.511850799999998,0.006779661,0.004699538,0.0,0.0,High_Potential
11576,Dec,12,Returning_Visitor,2,False,39,1034.3125,17.238541666666666,0.013043478,0.017826087,0.0,0.0,High_Potential
11579,Nov,11,Returning_Visitor,2,False,52,1786.109649,29.76849415,0.0,0.017118644,40.65671234,0.0,High_Potential
11590,Nov,11,Returning_Visitor,6,False,82,2796.316667,46.605277783333335,0.005185185,0.019584736,0.0,0.0,High_Potential
11591,Nov,11,Returning_Visitor,1,True,222,8068.742154,134.47903589999999,0.008325792,0.02329814,4.789722625,0.0,High_Potential
11594,Nov,11,Returning_Visitor,1,False,76,2002.230612,33.3705102,0.0025,0.023333333,0.0,0.0,High_Potential
11596,Nov,11,Returning_Visitor,2,True,279,9485.374568,158.0895761333333,0.003113824,0.018561894,0.651781814,0.0,High_Potential
11598,Nov,11,Returning_Visitor,3,True,64,1899.598899,31.659981650000002,0.010964912,0.029949875,83.78651166,0.0,High_Potential
11600,Nov,11,Returning_Visitor,2,False,49,1435.772114,23.929535233333336,0.01509434,0.013579188,0.0,0.0,High_Potential
11602,Nov,11,Returning_Visitor,13,False,74,6194.852381,103.24753968333333,0.015540541,0.032152607,0.0,0.0,High_Potential
11603,Dec,12,Returning_Visitor,2,False,122,2767.366071,46.122767849999995,0.000533333,0.004071111,39.75249992,0.0,High_Potential
11604,Dec,12,Returning_Visitor,2,False,72,2271.553571,37.859226183333334,0.002702703,0.017905405,0.0,0.0,High_Potential
11606,Nov,11,Returning_Visitor,2,False,47,1477.394841,24.62324735,0.004166667,0.021527778,0.0,0.0,High_Potential
11610,Dec,12,Returning_Visitor,1,False,47,1697.058333,28.28430555,0.004347826,0.019565217,1.990788672,0.0,High_Potential
11631,Nov,11,Returning_Visitor,1,True,85,2834.280117,47.23800195,0.004883721,0.013388945,37.42337649,0.0,High_Potential
11642,Nov,11,Returning_Visitor,1,False,101,2186.145833,36.43576388333334,0.0,0.004807692,32.13922216,0.0,High_Potential
11644,Nov,11,Returning_Visitor,2,False,39,720.15,12.0025,0.005128205,0.017948718,0.0,0.0,High_Potential
11645,Nov,11,Returning_Visitor,2,False,74,2408.579762,40.14299603333333,0.0,0.016621622,0.0,0.0,High_Potential
11646,Nov,11,Returning_Visitor,2,False,72,1602.35,26.70583333333333,0.002747253,0.038988095,0.0,0.0,High_Potential
11651,Dec,12,Returning_Visitor,1,True,45,3740.291667,62.338194449999996,0.012765957,0.041884498,0.0,0.0,High_Potential
11659,Nov,11,Returning_Visitor,2,True,57,1234.5,20.575,0.001724138,0.020689655,0.0,0.0,High_Potential
11665,Nov,11,Returning_Visitor,3,False,44,2011.305556,33.52175926666667,0.0,0.012301587,0.0,0.0,High_Potential
11669,Nov,11,Returning_Visitor,13,True,103,3400.248897,56.67081495,0.014692557,0.025598706,0.0,0.0,High_Potential
11685,Nov,11,Returning_Visitor,11,True,65,1624.941667,27.082361116666668,0.0,0.0203125,0.0,0.0,High_Potential
11687,Nov,11,Returning_Visitor,1,False,47,2386.066667,39.76777778333334,0.004444444,0.030864198,0.0,0.0,High_Potential
11693,Nov,11,Returning_Visitor,2,False,111,3874.240873,64.57068121666667,0.006494118,0.021731397,6.245397811,0.0,High_Potential
11695,Dec,12,Returning_Visitor,2,False,94,3554.64902,59.24415033333333,0.002020202,0.013183349,0.0,0.0,High_Potential
11701,Dec,12,Returning_Visitor,2,False,112,3556.346795,59.272446583333334,0.008403361,0.021415475,0.0,0.0,High_Potential
11704,Nov,11,Returning_Visitor,2,False,76,1553.269048,25.887817466666668,0.0,0.009586466,0.0,0.0,High_Potential
11709,Dec,12,Returning_Visitor,2,True,49,1222.25,20.370833333333334,0.005185185,0.021604938,0.0,0.0,High_Potential
11712,Nov,11,Returning_Visitor,2,False,53,4223.409838,70.39016396666666,0.00877193,0.017126354,8.886648533,0.0,High_Potential
11713,Dec,12,Returning_Visitor,2,False,281,14988.59151,249.8098585,0.008498915,0.029697173,0.0,0.0,High_Potential
11722,Nov,11,Returning_Visitor,1,True,176,7767.32556,129.45542600000002,0.006045198,0.019212627,8.845689534,0.0,High_Potential
11728,Nov,11,Returning_Visitor,1,False,38,1251.932143,20.865535716666667,0.0,0.011302211,0.0,0.0,High_Potential
11729,Dec,12,Returning_Visitor,2,False,69,2350.905769,39.18176281666667,0.012088889,0.018292063,0.0,0.0,High_Potential
11736,Nov,11,Returning_Visitor,2,False,227,12460.67006,207.67783433333335,0.007569141,0.014819782,0.0,0.0,High_Potential
11737,Dec,12,Returning_Visitor,2,False,87,4403.382777,73.38971295,0.002941176,0.011552302,0.0,0.0,High_Potential
11738,Nov,11,New_Visitor,11,False,113,2151.097436,35.851623933333336,0.0,0.005172414,0.0,0.0,High_Potential
11743,Dec,12,Returning_Visitor,2,False,141,4567.942696,76.13237826666666,0.002944942,0.02119383,0.0,0.0,High_Potential
11755,Dec,12,Returning_Visitor,1,False,95,4334.815476,72.2469246,0.005531915,0.03962766,0.0,0.0,High_Potential
11773,Nov,11,Returning_Visitor,2,False,152,5617.092505,93.61820841666666,0.003594771,0.02743431,0.0,0.0,High_Potential
11776,Dec,12,Returning_Visitor,2,False,106,3095.200725,51.586678750000004,0.012612613,0.034684685,0.0,0.0,High_Potential
11788,Nov,11,Returning_Visitor,2,True,50,1032.008333,17.200138883333334,0.008,0.014133333,0.0,0.0,High_Potential
11795,Dec,12,Returning_Visitor,13,False,73,1889.833333,31.497222216666668,0.01025641,0.018883894,0.0,0.0,High_Potential
11802,Dec,12,Returning_Visitor,2,True,47,1204.664683,20.077744716666665,0.0,0.015,0.0,0.0,High_Potential
11804,Nov,11,Returning_Visitor,2,False,337,11231.41012,187.19016866666666,0.002472799,0.013233522,0.0,0.0,High_Potential
11806,Dec,12,New_Visitor,2,True,53,1262.488779,21.04147965,0.0,0.003448276,0.0,0.0,High_Potential
11824,Nov,11,Returning_Visitor,2,False,57,4312.225,71.87041666666667,0.004464286,0.031964286,0.0,0.0,High_Potential
11826,Nov,11,Returning_Visitor,1,True,96,5286.208333,88.10347221666666,0.011,0.024119048,0.0,0.0,High_Potential
11828,Nov,11,Returning_Visitor,1,False,148,3486.194444,58.10324073333334,0.008697765,0.017685455,0.0,0.0,High_Potential
11829,Nov,11,Returning_Visitor,2,False,130,6560.00754,109.33345899999999,0.0,0.006376263,0.0,0.0,High_Potential
11833,Dec,12,Returning_Visitor,2,False,129,4609.626389,76.82710648333334,0.001550388,0.016137507,0.0,0.0,High_Potential
11835,Nov,11,Returning_Visitor,2,False,41,446.4166667,7.440277778333334,0.0,0.027509158,0.0,0.0,High_Potential
11839,Nov,11,Returning_Visitor,10,False,43,2365.429545,39.42382575,0.0,0.013043478,0.0,0.0,High_Potential
11845,Nov,11,Returning_Visitor,10,True,102,4264.419078,71.0736513,0.007783883,0.019834499,0.0,0.0,High_Potential
11847,Dec,12,Returning_Visitor,2,False,43,997.7083333,16.628472221666666,0.002222222,0.021111111,0.0,0.0,High_Potential
11850,Dec,12,Returning_Visitor,10,False,132,7356.402381,122.60670635,0.004512276,0.017577031,9.193989222,0.0,High_Potential
11851,Nov,11,Returning_Visitor,2,False,190,6375.065753,106.25109588333333,0.00938918,0.020211611,0.0,0.0,High_Potential
11853,Nov,11,Returning_Visitor,2,True,96,4803.82717,80.06378616666666,0.012794613,0.02630097,0.0,0.0,High_Potential
11854,Nov,11,Returning_Visitor,1,True,142,4777.812554,79.63020923333333,0.005666252,0.019707705,0.0,0.0,High_Potential
11855,Dec,12,Returning_Visitor,2,False,86,4479.116226,74.6519371,0.005442177,0.026406456,2.356437292,0.0,High_Potential
11857,Nov,11,Returning_Visitor,11,False,60,2591.795346,43.1965891,0.009681373,0.019815044,20.32548134,0.0,High_Potential
11860,Dec,12,Returning_Visitor,1,True,39,1157.416667,19.290277783333334,0.010833333,0.045714286,0.0,0.0,High_Potential
11861,Nov,11,Returning_Visitor,2,False,42,2016.115385,33.60192308333333,0.016,0.028841026,26.65415979,0.0,High_Potential
11866,Nov,11,Returning_Visitor,2,False,122,7532.511111,125.54185185,0.004615385,0.029612768,0.0,0.0,High_Potential
11869,Dec,12,New_Visitor,2,True,38,2277.555556,37.95925926666666,0.0,0.004761905,0.0,0.0,High_Potential
11871,Dec,12,Returning_Visitor,10,False,133,5948.998311,99.14997185,0.005957447,0.008289956,0.0,0.0,High_Potential
11875,Nov,11,Returning_Visitor,2,False,63,1320.189881,22.003164683333335,0.0,0.000468384,0.0,0.0,High_Potential
11887,Dec,12,New_Visitor,2,False,41,961.25,16.020833333333332,0.0025,0.020714286,0.0,0.0,High_Potential
11895,Nov,11,Returning_Visitor,2,False,112,2218.717208,36.97862013333334,0.000223214,0.018229167,0.0,0.0,High_Potential
11901,Dec,12,Returning_Visitor,1,False,164,3269.256933,54.48761555,0.006586826,0.012909664,5.873000789,0.0,High_Potential
11904,Nov,11,Returning_Visitor,10,False,109,2925.677607,48.761293450000004,0.005504587,0.0156734,0.0,0.0,High_Potential
11905,Dec,12,Returning_Visitor,13,False,116,4097.403993,68.29006654999999,0.016480331,0.022530582,0.0,0.0,High_Potential
11907,Dec,12,Returning_Visitor,2,False,151,7700.501461,128.34169101666666,0.002597403,0.012782022,4.074920999,0.0,High_Potential
11916,Nov,11,Returning_Visitor,2,False,106,2709.522357,45.15870595,0.0,0.022650186,0.0,0.0,High_Potential
11917,Nov,11,Returning_Visitor,13,True,290,11240.97669,187.34961149999998,0.012382578,0.024237631,0.0,0.0,High_Potential
11920,Dec,12,Returning_Visitor,1,False,87,3006.883631,50.114727183333336,0.00462963,0.018585538,0.0,0.0,High_Potential
11923,Dec,12,Returning_Visitor,2,False,42,772.625,12.877083333333333,0.004761905,0.019047619,0.0,0.0,High_Potential
11930,Nov,11,Returning_Visitor,2,False,40,1121.416667,18.690277783333332,0.0,0.022195122,0.0,0.0,High_Potential
11931,Dec,12,Returning_Visitor,10,False,100,1284.361822,21.406030366666666,0.001923077,0.011603935,0.0,0.0,High_Potential
11936,Nov,11,Returning_Visitor,2,False,103,5395.201794,89.92002989999999,0.010485437,0.03,0.0,0.0,High_Potential
11941,Dec,12,Returning_Visitor,2,False,62,1493.353846,24.889230766666667,0.00952381,0.04031746,0.0,0.0,High_Potential
11949,Dec,12,Returning_Visitor,2,False,131,4597.575252,76.62625419999999,0.006766917,0.028754539,0.0,0.0,High_Potential
11954,Nov,11,Returning_Visitor,2,False,41,1119.541667,18.659027783333332,0.009756098,0.035656214,0.0,0.0,High_Potential
11958,Nov,11,Returning_Visitor,3,False,44,1127.566667,18.792777783333335,0.006818182,0.021969697,0.0,0.0,High_Potential
11966,Nov,11,Returning_Visitor,8,True,56,1568.65,26.144166666666667,0.006896552,0.02183908,28.16893067,0.0,High_Potential
11973,Dec,12,Returning_Visitor,2,False,38,3779.444444,62.99074073333334,0.0,0.02814992,0.0,0.0,High_Potential
11977,Nov,11,Returning_Visitor,2,False,128,4391.876232,73.1979372,0.008759124,0.022411525,0.0,0.0,High_Potential
11983,Nov,11,Returning_Visitor,2,False,75,5610.686899,93.51144831666667,0.008045977,0.019205169,4.452664494,0.0,High_Potential
11984,Nov,11,Returning_Visitor,2,True,84,1460.256115,24.337601916666664,0.004703833,0.013205032,0.0,0.0,High_Potential
11991,Nov,11,Returning_Visitor,2,False,123,3944.384921,65.73974868333333,0.00516129,0.017112135,3.303059969,0.0,High_Potential
11994,Nov,11,Returning_Visitor,2,True,102,4227.094444,70.45157406666667,0.0,0.00849359,0.0,0.0,High_Potential
12000,Nov,11,Returning_Visitor,13,False,61,1934.225758,32.237095966666665,0.009677419,0.01662531,0.0,0.0,High_Potential
12001,Nov,11,Returning_Visitor,2,False,64,2527.083333,42.11805555,0.0,0.005239899,0.0,0.0,High_Potential
12002,Dec,12,Returning_Visitor,2,True,61,2495.615079,41.593584650000004,0.005649718,0.016000807,0.0,0.0,High_Potential
12005,Dec,12,Returning_Visitor,2,False,66,1415.3875,23.589791666666667,0.00358209,0.014262023,9.829114577,0.0,High_Potential
12027,Nov,11,Returning_Visitor,2,False,118,4947.358038,82.45596730000001,0.001138211,0.011200631,2.270358059,0.0,High_Potential
12028,Nov,11,Returning_Visitor,2,False,72,1706.064885,28.43441475,0.011111111,0.021240391,0.0,0.0,High_Potential
12042,Dec,12,Returning_Visitor,2,True,41,1355.483333,22.59138888333333,0.0,0.007142857,0.0,0.0,High_Potential
12045,Dec,12,Returning_Visitor,10,False,44,1909.080556,31.818009266666664,0.004761905,0.018253968,0.0,0.0,High_Potential
12047,Nov,11,Returning_Visitor,2,False,51,874.4047619,14.573412698333334,0.008,0.0345,0.0,0.0,High_Potential
12065,Nov,11,Returning_Visitor,2,True,71,2632.189286,43.86982143333333,0.000694444,0.008611111,0.0,0.0,High_Potential
12066,Dec,12,Returning_Visitor,1,False,44,2588.154762,43.1359127,0.009090909,0.027272727,0.0,0.0,High_Potential
12067,Dec,12,Returning_Visitor,2,False,64,4326.666667,72.11111111666668,0.008552632,0.024502924,0.0,0.0,High_Potential
12068,Nov,11,Returning_Visitor,3,False,55,1119.543056,18.659050933333333,0.005454545,0.008870523,0.0,0.0,High_Potential
12069,Dec,12,Returning_Visitor,3,False,136,4201.508333,70.02513888333333,0.0,0.011265083,0.0,0.0,High_Potential
12078,Dec,12,Returning_Visitor,1,False,45,1896.966667,31.616111116666666,0.011764706,0.02745098,7.521155028,0.0,High_Potential
12079,Dec,12,New_Visitor,2,False,38,609.3488095,10.155813491666667,0.0,0.005263158,0.0,0.0,High_Potential
12089,Nov,11,Returning_Visitor,1,False,162,5509.717928,91.82863213333333,0.001905069,0.021987823,0.0,0.0,High_Potential
12102,Nov,11,Returning_Visitor,2,True,94,4698.796429,78.31327381666667,0.0,0.017659574,0.0,0.0,High_Potential
12106,Dec,12,Returning_Visitor,2,False,222,6942.783547,115.71305911666667,0.002212389,0.015536555,2.780937777,0.0,High_Potential
12110,Nov,11,Returning_Visitor,2,False,60,2068.248473,34.470807883333336,0.002857143,0.034058957,0.0,0.0,High_Potential
12111,Dec,12,Returning_Visitor,10,False,50,829.5190476,13.82531746,0.001149425,0.025172414,0.0,0.0,High_Potential
12122,Nov,11,Returning_Visitor,2,True,231,9230.890838,153.84818063333333,0.006458333,0.021838687,0.0,0.0,High_Potential
12139,Nov,11,Returning_Visitor,1,False,104,5155.351132,85.92251886666666,0.006893004,0.031570985,8.805138964,0.0,High_Potential
12141,Nov,11,Returning_Visitor,2,False,378,12003.31758,200.055293,0.003655352,0.023352993,0.0,0.0,High_Potential
12148,Nov,11,Returning_Visitor,3,False,92,4637.53842,77.292307,0.0005,0.011495239,17.28402947,0.0,High_Potential
12150,Nov,11,Returning_Visitor,2,False,64,2018.762066,33.646034433333334,0.009895833,0.027936058,0.0,0.0,High_Potential
12152,Nov,11,Returning_Visitor,2,False,254,6308.063793,105.13439655,0.002513228,0.01518288,0.0,0.0,High_Potential
12155,Dec,12,Returning_Visitor,2,False,82,1836.214249,30.603570816666668,0.004545455,0.025181135,0.0,0.0,High_Potential
12169,Dec,12,Returning_Visitor,2,True,39,1570.791667,26.179861116666665,0.00952381,0.011156463,16.32930757,0.0,High_Potential
12170,Nov,11,Returning_Visitor,1,True,73,2163.5,36.05833333333333,0.007692308,0.02991453,11.62573653,0.0,High_Potential
12171,Nov,11,Returning_Visitor,10,True,98,6212.779517,103.54632528333333,0.024162985,0.033991575,0.0,0.0,High_Potential
12179,Nov,11,Returning_Visitor,2,False,210,8115.845852,135.26409753333334,0.008398675,0.030193184,0.0,0.0,High_Potential
12186,Dec,12,Returning_Visitor,2,True,46,1014.375,16.90625,0.008695652,0.026449275,0.0,0.0,High_Potential
12188,Nov,11,Returning_Visitor,13,False,85,5496.630355,91.61050591666667,0.010192616,0.025284123,5.145928873,0.0,High_Potential
12189,Dec,12,Returning_Visitor,2,True,53,1609.990079,26.833167983333333,0.003571429,0.028928571,7.209305119,0.0,High_Potential
12190,Nov,11,Returning_Visitor,2,False,187,6338.256636,105.6376106,0.003076923,0.024062504,2.122731861,0.0,High_Potential
12194,Nov,11,Returning_Visitor,1,True,41,1053.841565,17.56402608333333,0.002990033,0.014327278,0.0,0.0,High_Potential
12195,Nov,11,Returning_Visitor,2,False,57,3671.675,61.194583333333334,0.003278689,0.027595628,0.0,0.0,High_Potential
12196,Nov,11,Returning_Visitor,2,True,63,2219.866667,36.997777783333326,0.003174603,0.023129252,0.0,0.0,High_Potential
12204,Dec,12,Returning_Visitor,1,False,54,2201.710714,36.69517856666666,0.000595238,0.011252834,2.82745293,0.0,High_Potential
12207,Nov,11,Returning_Visitor,2,False,98,3653.641667,60.89402778333333,0.002680653,0.0296601,0.0,0.0,High_Potential
12213,Nov,11,Returning_Visitor,13,True,55,1893.650488,31.560841466666666,0.012727273,0.038483516,0.0,0.0,High_Potential
12214,Nov,11,Returning_Visitor,2,False,69,2077.806007,34.63010011666667,0.004830918,0.018561873,0.0,0.0,High_Potential
12215,Dec,12,Returning_Visitor,2,False,54,1389.216667,23.153611116666664,0.008928571,0.025119048,0.0,0.0,High_Potential
12224,Nov,11,Returning_Visitor,13,True,81,3466.794048,57.7799008,0.018431373,0.022050322,0.0,0.0,High_Potential
12229,Dec,12,Returning_Visitor,2,False,111,1624.75,27.079166666666666,0.013636364,0.025515152,0.0,0.0,High_Potential
12233,Nov,11,New_Visitor,2,False,61,1458.993056,24.316550933333335,0.001785714,0.01655198,17.49721917,0.0,High_Potential
12235,Dec,12,Returning_Visitor,2,False,53,1287.852778,21.464212966666665,0.003389831,0.027514124,0.0,0.0,High_Potential
12237,Nov,11,Returning_Visitor,3,False,112,6673.291392,111.22152320000001,0.0,0.008744589,5.468093499,0.0,High_Potential
12244,Nov,11,Returning_Visitor,1,False,114,4269.493146,71.1582191,0.001574803,0.016980377,8.466384757,0.0,High_Potential
12245,Nov,11,Returning_Visitor,2,False,74,3109.404167,51.823402783333336,0.009459459,0.042859175,0.0,0.0,High_Potential
12246,Dec,12,Returning_Visitor,2,False,44,1236.638095,20.610634916666665,0.0,0.014728682,0.0,0.0,High_Potential
12250,Nov,11,Returning_Visitor,2,False,126,4310.004668,71.83341113333333,0.000687831,0.012822843,3.451072113,0.0,High_Potential
12255,Nov,11,Returning_Visitor,1,True,93,2720.265368,45.33775613333333,0.007142857,0.034701976,0.0,0.0,High_Potential
12258,Nov,11,Returning_Visitor,3,False,70,2802.116667,46.70194445,0.002898551,0.017230274,0.0,0.0,High_Potential
12260,Nov,11,Returning_Visitor,3,False,127,4214.779822,70.24633036666667,0.008396947,0.018035252,0.0,0.0,High_Potential
12261,Nov,11,Returning_Visitor,2,True,76,3923.586111,65.39310185000001,0.000865801,0.013675718,0.0,0.0,High_Potential
12262,Nov,11,Returning_Visitor,2,False,49,3414.875,56.91458333333333,0.012244898,0.027210884,0.0,0.0,High_Potential
12266,Nov,11,Returning_Visitor,2,False,51,2159.004167,35.98340278333333,0.013684211,0.037347156,10.22993737,0.0,High_Potential
12270,Nov,11,Returning_Visitor,3,True,93,2773.010873,46.21684788333334,0.011827957,0.017573541,0.0,0.0,High_Potential
12271,Dec,12,Returning_Visitor,7,False,69,909.1548701,15.152581168333334,0.002857143,0.012225275,8.086657063,0.0,High_Potential
12273,Nov,11,Returning_Visitor,1,True,56,959.8117424,15.996862373333332,0.0,0.011420635,11.61864445,0.0,High_Potential
12278,Nov,11,Returning_Visitor,1,False,192,4845.989214,80.7664869,0.005412371,0.022099252,18.67564853,0.0,High_Potential
12279,Nov,11,Returning_Visitor,8,True,40,1445.840909,24.097348483333334,0.003827751,0.032192982,0.0,0.0,High_Potential
12280,Nov,11,Returning_Visitor,1,False,45,2674.339216,44.572320266666665,0.000869565,0.020139353,0.0,0.0,High_Potential
12281,Nov,11,Returning_Visitor,3,False,57,1656.410714,27.606845233333335,0.0,0.002259887,0.0,0.0,High_Potential
12282,Nov,11,Returning_Visitor,2,False,125,7453.766667,124.22944445,0.001626016,0.013132473,0.0,0.0,High_Potential
12284,Dec,12,Returning_Visitor,1,True,45,2650.416667,44.17361111666666,0.013333333,0.034074074,0.0,0.0,High_Potential
12285,Nov,11,Returning_Visitor,2,False,133,3918.363736,65.30606226666666,0.0,0.009275362,7.147603773,0.0,High_Potential
12287,Dec,12,Returning_Visitor,2,False,111,6340.152381,105.66920635,0.003361345,0.009431773,44.21979406,0.0,High_Potential
12305,Nov,11,Returning_Visitor,3,False,39,1168.619841,19.476997349999998,0.0,0.009064449,0.0,0.0,High_Potential
12308,Nov,11,Returning_Visitor,1,True,45,4018.45,66.97416666666666,0.009090909,0.021969697,0.0,0.0,High_Potential
12316,Dec,12,Returning_Visitor,1,False,44,615.0,10.25,0.013636364,0.036363636,0.0,0.0,High_Potential
12317,Dec,12,New_Visitor,2,False,95,1453.640882,24.22734803333333,0.002105263,0.012761333,0.0,0.0,High_Potential
12323,Nov,11,Returning_Visitor,10,False,44,1157.97619,19.299603166666667,0.0,0.013953488,0.0,0.0,High_Potential
12325,Dec,12,Returning_Visitor,1,True,53,1783.791667,29.729861116666665,0.007142857,0.029030612,12.24171745,0.0,High_Potential
